,University,Sector,City,Province,Address,Phone,Email,Url,Type
0,Abasyn University,Private,Peshawar,Khyber Pakhtunkhwa,"Peshawar Campus, Ring Road (Charsadda Link), Peshawar.","92-91-258 2934, +92-91- 224867",admissions@abasyn.edu.pk,http://www.abasyn.edu.pk/,General
1,Abbottabad University of Science And Technology (aust),Public,Abbottabad,Khyber Pakhtunkhwa,"Captain Akaash Rabbani Shaheed Road, Tehsil Havelian, District Abbottabad, Khyber Pakhtunkhwa",+92 (992) 402 117,info@aust.edu.pk,http://aust.edu.pk,Engineering
2,Abdul Wali Khan University,Public,Mardan,Khyber Pakhtunkhwa,"Garden Campus Toru Road, Mardan","+92-937-843356, +92-937-840499",ua-cdc@awkum.edu.pk,http://www.awkum.edu.pk,General
3,Air University,Public,Islamabad,Islamabad Capital Territory,"Service Road E-9 / E-8, Islamabad, Pakistan، Islamabad 44000, Pakistan",+92-51-9262557-9,amjad@mail.au.edu.pk,http://www.au.edu.pk/,Engineering
4,Al-hamd Islamic University,Private,Quetta,Balochistan,"Airport Road Quetta, Baleli Road, Quetta, Pakistan","+92-81-2301771-6, 4, 3,2",info@aiu.edu.pk,http://www.aiu.edu.pk,General
5,Ali Institute of Education,Private,Lahore,Punjab,"Shahrah-e-Roomi (Ferozpur Road), Lahore 54000.",+92.423 588 2913,info@aie.edu.pk,http://www.aie.edu.pk/,Education
6,Allama Iqbal Open University,Public,Islamabad,Islamabad Capital Territory,"Ashfaq Ahmed Road, H-8/2، Islamabad 44000, Pakistan",+92-51-111-112-468,support@aiou.edu.pk,http://www.aiou.edu.pk,General
7,Bahauddin Zakariya University,Public,Multan,Punjab,"Bosan Road,Multan 60000, Multan, Pakistan",+92-61-9210069,registrar@bzu.edu.pk,http://www.bzu.edu.pk,General
8,Bahria University,Public,Islamabad,Islamabad Capital Territory,"Sector E-8، Shangrilla Rd, Islamabad, Pakistan",+92-51-111-111-028,info@bahria.edu.pk,http://www.bahria.edu.pk/,General
9,Balochistan University of Engineering & Technology,Public,Khuzdar,Balochistan,"Balochistan University of Engg & Technology (BUET), Khuzdar.","+92-848-412834, +92-848-502100",info@buetk.edu.pk,http://www.buetk.edu.pk,Engineering
10,Balochistan University of Information Technology & Management Sciences,Public,Quetta,Balochistan,"Balochistan University of Information Technology, Engineering and Management Sciences, Airport Road, Baleli, Quetta.","+92-81-2881042081, +92-81-9202",faisal.durrani@buitms.edu.pk,http://www.buitms.edu.pk,Information Technology
11,Baqai Medical University,Private,Karachi,Sindh,"51, Deh Tor, Gadap Road, Near Toll Plaza, Super Highway P.O Box No 2407, Karachi - 74600, Pakistan.","+92-21-34410-311, +92-21-34410",info@baqai.edu.pk,http://www.baqai.edu.pk,Medical
12,Beaconhouse National University,Private,Lahore,Punjab,"13 KM Raiwaind Road, Near Jati Umrah Road, Lahore 54400.",+92-42-38100156,info@bnu.edu.pk,http://www.bnu.edu.pk,General
13,Benazir Bhutto Shaheed University Lyari,Public,Karachi,Sindh,"Fakir Muhammad Dura Khan Road, Near “Kashti Chowk” Lyari, Karachi, Postal Code: 75660.","+92-21-32744020, +92-21-327440",info@bbsul.edu.pk,http://www.bbsul.edu.pk,General
14,Cecos University of Information Technology & Emerging Sciences,Private,Peshawar,Khyber Pakhtunkhwa,"CECOS University, Phase 6, Sector F-5, Hayatabad, Peshawar.",+92-91-5864291,info@www.cecos.edu.pk,http://www.cecos.edu.pk,Information Technology
15,Comsats Institute of Information Technology,Public,Islamabad,Islamabad Capital Territory,"Park Road, Tarlai Kalan, Islamabad 45550, Pakistan",051-90495112,registrar@comsats.edu.pk,https://www.comsats.edu.pk/,Information Technology
16,Capital University of Science & Technology,Private,Islamabad,Islamabad Capital Territory,"Capital University of Science & Technology Islamabad Expressway, Kahuta Road, Zone-V Islamabad.","+92-51-2512800-1, +92-51-44867",registrar@cust.edu.pk,http://www.cust.edu.pk/,General
17,City University of Science And Information Technology,Private,Peshawar,Khyber Pakhtunkhwa,"City University Of Science and Information Technology Dalazak Road Peshawar, Pakistan.",+92-91-2609501-8,info@cusit.edu.pk,http://www.cityuniversity.edu.pk,General
18,Commecs Institute of Business & Emerging Sciences,Private,Karachi,Sindh,"Plot No. 40-B, Block-6, PECHS, Karachi.","+92-21-34634104, +92-21-343200",info@commecsinstitute.edu.pk,http://www.commecsinstitute.edu.pk,Business
19,Dha Suffa University,Private,Karachi,Sindh,"DG-78, Off Khayaban-e-Tufail, Ph-VII (Ext),DHA, Karachi-75500.",+92-21-35244875,info@dsu.edu.pk,http://www.dsu.edu.pk,General
20,Dow University of Health Sciences,Public,Karachi,Sindh,"Baba-E-Urdu Road, Karachi 74200.",+92-21-99215754-7 +92-21-32715,ctu@duhs.edu.pk,http://www.duhs.edu.pk,Medical
21,Dadabhoy Institute of Higher Education,Private,Karachi,Sindh,"SNPA-17/B, Block 3, P.E.C.H.Society,Shaheed-e-Millat Road, Karachi.","+92-21-34389108, +92-21-111-02",registrar@dadabhoy.edu.pk,http://www.dadabhoy.edu.pk,General
22,Dawood University of Engineering & Technology,Public,Karachi,Sindh,"M.A. Jinnah Road, Karachi 74800.","+92-21-99230701, +92-21-992311",info@duet.edu.pk,http://www.duet.edu.pk,Engineering
23,"Fatima Jinnah Medical University, Lahore",Public,Lahore,Punjab,"Shara-I-Fatima Jinnah ,Queens Road Lahore","99200572-8, 99203718 111-222-",info.college@fjmc.edu.pk,http://www.fjmc.edu.pk/,Medical
24,"Federal Urdu University of Arts, Sciences & Technology",Public,Islamabad,Islamabad Capital Territory,"Sector G-7/1, Near Zero Point,Islamabad.",+92-51-9252860-64,info@fuuastisb.edu.pk,http://www.fuuastisb.edu.pk/,General
25,Forman Christian College,Private,Lahore,Punjab,Forman Christian College Ferozepur Road Lahore 54600 Pakistan,"+92-42-99230782, +92-42-992315",contact@fccollege.edu.pk,http://www.fccollege.edu.pk,General
26,Foundation University,Private,Islamabad,Islamabad Capital Territory,"Defence Avenue, Phase-I, DHA,Islamabad","+92-51-5788171, +92-51-5788250",info@fui.edu.pk,http://www.fui.edu.pk/,General
27,Gift University,Private,Gujranwala,Punjab,"Sialkot Bypass, Gujranwala, Pakistan.",+92-55-3892981,info@gift.edu.pk,http://www.gift.edu.pk,General
28,Gandhara University,Private,Khyber Pukhtunkhwa,Khyber Pakhtunkhwa,"Canal Road University Town, Peshawar.",+92-243-640160,info@gandhara.edu.pk,http://www.gandhara.edu.pk,Medical
29,Ghazi University,Public,Dera Ghazi Khan,Punjab,"Ghazi University, Dera Ghazi Khan - City Campus, College Chowk, Near Pul Dat.",+92-64-9260380,info@gudgk.edu.pk,http://www.gudgk.edu.pk,General
30,Ghulam Ishaq Khan Institute of Engineering Sciences & Technology,Private,Swabi,Khyber Pakhtunkhwa,"GIK Institute of Engineering Sciences and Technology, Topi 23640, District Swabi, Khyber Pakhtunkhwa, Pakistan.","+92-938-271875,+92-938-271897",sherali@giki.edu.pk,http://www.giki.edu.pk,Engineering
31,Gomal University,Public,Dera Ismail Khan,Khyber Pakhtunkhwa,"Indus HWY, DI Khan City, Dera Ismail Khan, Khyber Pakhtoonkhwa, Dera Ismail Khan, Pakistan","+92-966-750266, +92-966-750279",submit.gomalujr@gmail.com,http://www.gu.edu.pk/,General
32,Government College University,Public,Faisalabad,Punjab,"Kotwali Rd, Faisalabad 38000, Pakistan.","+92-41-9200670, +92-41-9201266",info@gcuf.edu.pk,http://www.gcuf.edu.pk,General
33,"Government College University, Lahore",Public,Lahore,Punjab,"Near Nasir Bagh, Katchery Rd, Lahore 54000, Pakistan.",+92-42-111 000 010,registrar@gcu.edu.pk,http://www.gcu.edu.pk,General
34,Government College Women University Faisalabad,Public,Faisalabad,Punjab,"Government College Women University, Shafique Road Faisalabad Zip Code 38000",+92-41-9220065,info@gcwuf.edu.pk,http://gcwuf.edu.pk/,General
35,"Government College For Women University, Sialkot",Public,Sialkot,Punjab,"Kutchehry Road, Sialkot Pakistan","+92-52-925 0170, +92-52-925 05",info@gcwus.edu.pk,http://www.gcwus.edu.pk/,General
36,Government Sadiq College Women University,Public,Bahawalpur,Punjab,"Government Sadiq College Women University, Bahawalpur.","+92-62-2284803, +92-62 9250075",info@gscwu.edu.pk,https://www.gscwu.edu.pk/,General
37,Greenwich University,Private,Karachi,Sindh,"DK-10, 38th Street, Darkshan, DHA, Phase 6, Karachi 75500.","(92)(21) 35840397/98, (92)(21)",gu@greenwich.edu.pk,http://www.greenwich.edu.pk/,General
38,Hitec University,Private,Taxila,Punjab,"Museum Road, Taxila Cantt","+92-51-4908142, +92-51-3010514",assistant.registrar@hitecuni.edu.pk,http://www.hitecuni.edu.pk,General
39,Habib University,Private,Karachi,Sindh,"Habib University Foundation147, Block 7 & 8 Banglore Cooperative Housing SocietyTipu Sultan Road Karachi – 75350.",+92-21-111-042 242,aamir.siddiqui@habib.edu.pk,http://www.habib.edu.pk,General
40,Hajvery University,Private,Lahore,Punjab,"43-52 Industrial Area Gulberg III, Lahore.","+92-42-35717130-1, +92-42-111",registrar@hup.edu.pk,http://www.hajvery.edu.pk,General
41,Hamdard University,Private,Karachi,Sindh,"Madinat-al-Hikmah, Sharea Madinat al-Hikmah, Muhammad Bin Qasim Avenue, Karachi 74600.","+92-21-36440030021, +92-21-364",info@hamdard.edu.pk,http://www.hamdard.edu.pk,General
42,Hazara University,Public,Mansehra,Khyber Pakhtunkhwa,DHODIAL MANSEHRA [NWFP],"+92-997-530732, +92-997-414121",registrar@hu.edu.pk,http://www.hu.edu.pk,General
43,Indus Valley School of Art & Architecture,Private,Karachi,Sindh,"Street 33, Block 2, Scheme-5, Clifton, Karachi.75600",+92-21-111-111-487,info@ivs.edu.pk,http://www.indusvalley.edu.pk,General
44,Indus University,Private,Karachi,Sindh,"ST-2D, Block-17, Adjacent National Stadium Gulshan-e Iqbal, Opp: Mushriq Centre, Karachi.","+92-21-34977457, +92-21- 34801",admission.site@indus.edu.pk,http://www.indus.edu.pk,General
45,Information Technology University of The Punjab,Public,Lahore,Punjab,"6th Floor, Arfa Software Technology Park, Ferozepur Road, Lahore","+92-42-99232124, +9242-9923253",admission@itu.edu.pk,http://www.itu.edu.pk,Information Technology
46,Institute of Business & Technology,Private,Karachi,Sindh,"Main Ibrahim Hydri Road, Korangi Creek, Karachi.","+92-21-35120462, +92-21-350918",info@biztek.edu.pk,http://www.biztek.edu.pk,Business
47,Institute of Business Administration,Public,Karachi,Sindh,"Plot # 68 & 88 Garden / Kayani Shaheed Road, Karachi - 74400 Pakistan",92-21-38104700,info@khi.iba.edu.pk,http://www.iba.edu.pk,Business
48,Institute of Business Management,Private,Karachi,Sindh,"Korangi Creek, Karachi-75190, Pakistan.",(+92-21)3509-0961-67,mec@iobm.edu.pk,http://www.iobm.edu.pk,Business
49,Institute of Management Sciences,Public,Peshawar,Khyber Pakhtunkhwa,"I-A, Sector E-5, Phase-VII, Hayatabad, Peshawar.","091-9217408,091-9217443,091-9",info@imsciences.edu.pk,http://www.imsciences.edu.pk,Business
50,"Institute of Management Sciences, Lahore",Private,Lahore,Punjab,"23-E-III, Gulberg-III, 54660 Lahore, Pakistan","+92-42-35751115-8, +92-42-3575",info@pakaims.edu.pk,http://www.pakaims.edu.pk,Business
51,Institute of Southern Punjab,Private,Multan,Punjab,"9-KM, Bosan Road, Multan, Pakistan",+92-61-111-786-477,info@isp.edu.pk,http://isp.edu.pk/,General
52,Institute of Space Technology,Public,Islamabad,Islamabad Capital Territory,"Institute of Space Technology , P.O. Box 2750 Islamabad 44000 , Pakistan","+92-51-9075100, +92-51-9273310",info@ist.edu.pk,http://www.ist.edu.pk/,Engineering
53,International Islamic University,Public,Islamabad,Islamabad Capital Territory,"Sector H-10، Islamabad 44000, Pakistan","+92-51-9257988, +92-51-9019616",khalidmraja@iiu.edu.pk,http://www.iiu.edu.pk/,General
54,Iqra National University,Private,Peshawar,Khyber Pakhtunkhwa,"Phase-II, Hayatabad Peshawa",+92-91-5822 852091,info@inu.edu.pk,http://www.inu.edu.pk,General
55,Iqra University,Private,Karachi,Sindh,"Defence View, Shaheed-e-Millat Road, (Ext), Karachi.","+92-21-35310802, +92-21-353108",registrar@iqra.edu.pk,http://www.iqra.edu.pk,General
56,Islamia College University,Public,Peshawar,Khyber Pakhtunkhwa,"Jamrod Road, University Campus,Peshawar.",+92-91-9216009,registrar@icp.edu.pk,http://www.icp.edu.pk,General
57,Islamia University,Public,Bahawalpur,Punjab,The Islamia University of Bahawalpur Pakistan.,92 - 62 - 9250235,info@iub.edu.pk,http://www.iub.edu.pk,General
58,Isra University,Private,Hyderabad,Sindh,"Isra University, Hala Road, Hyderabad Sindh, Pakistan",(92 22) 2030181-4,admissions@isra.edu.pk,http://www.isra.edu.pk,General
59,Jinnah Sindh Medical University,Public,Karachi,Sindh,"Rafique H.J Shaheed Road, Karachi.","+92-21-99204776, +92-21- 35223",admissions@jsmu.edu.pk,http://www.jsmu.edu.pk,Medical
60,Jinnah University For Women,Private,Karachi,Sindh,"Jinnah University for Women, 5-C, Nazimabad, Karachi 74600.","+92-21-36611245, +92-21-366199",info@juw.edu.pk,http://www.juw.edu.pk,General
61,Kasb Institute of Technology,Private,Karachi,Sindh,"84-B, S.M.C.H.S, Off Shahrah-e-Faisal, Karachi-74400, Pakistan.",+92-21-343 14970-3,info@kasbit.edu.pk,http://www.kasbit.edu.pk,General
62,Karachi Institute of Economics & Technology,Private,Karachi,Sindh,"PAF-KIET Main Campus Korangi Creek, Karachi 75190",+92-21-35091114-7,registrar@pafkiet.edu.pk,http://www.pafkiet.edu.pk,General
63,Karachi School For Business & Leadership,Private,Karachi,Sindh,"National Stadium Road Opp. Liaquat National Hospital,Karachi – 74800.","+92-21-721021, +92-21-38771999",info@ksbl.edu.pk,http://www.ksbl.edu.pk,General
64,Karakurum International University,Public,Gilgit,Gilgit-Baltistan,"Karakoram International University, Main Campus University Road Gilgit (15100) Pakistan",+92-5811-960440,info@kiu.edu.pk,http://www.kiu.edu.pk,General
65,Khawaja Freed University of Engineering & Information Technology,Public,Rahim Yar Khan,Punjab,"Abu Dhabi Road, Rahim Yar Khan","+92-68-9239121, +92-68-9239122",info@kfueit.edu.pk,http://www.kfueit.edu.pk/,Engineering
66,Khyber Medical University,Public,Peshawar,Khyber Pakhtunkhwa,PDA building Block-4 Phase-5 Hayatabad Peshawar,+92-91- 9217695,info@kmu.edu.pk,http://www.kmu.edu.pk,Medical
67,Khyber Pakhtunkhwa Agricultural University,Public,Peshawar,Khyber Pakhtunkhwa,"KHYBER PAKHTUNKHWA AGRICULTURAL UNIVERSITY,University Campus, Peshawar","+92-91-9216518091, +92--921657",riazadil@aup.edu.pk,http://www.aup.edu.pk,Agriculture
68,King Edward Medical University,Public,Lahore,Punjab,"Nelagumbad near New Anarkali, Lahore.","+92-42-99211151, +92-42-373540",info@kemu.edu.pk,http://www.kemu.edu.pk,Medical
69,Kinnaird College For Women,Public,Lahore,Punjab,"Kinnaird College for Women 93- Jail Road, Lahore",+92-42-99203781-4,info@kinnaird.edu.pk,http://www.kinnaird.edu.pk,General
70,Kohat University of Science And Technology,Public,Kohat,Khyber Pakhtunkhwa,"Bannu Rd, Kohat 26000, Khyber Pakhtunkhwa.","+92-922-554578, +92-922-529147",registrar@kust.edu.pk,http://www.kust.edu.pk,General
71,Lahore College For Women University,Public,Lahore,Punjab,"Lahore College for Women University, Jail Road, Lahore.",+92-42-99203088,registrar@lcwu.edu.pk,http://www.lcwu.edu.pk,General
72,Lahore Garrison University,Private,Lahore,Punjab,"Main Campus, Sector C, DHA Phase-VI, Lahore.",+92-42-37181821-22,info@lgu.edu.pk,http://lgu.edu.pk/,General
73,Lahore Leads University,Private,Lahore,Punjab,"5-Tipu Block, New Garden Town, Lahore.","+92-42-35846330, +92-423584320",admission@leads.edu.pk,http://www.leads.edu.pk,General
74,Lahore University of Management Sciences,Private,Lahore,Punjab,"D.H.A, Lahore Cantt. 54792 Lahore, Pakistan.",+92 42 3560 8000,mahjabeen.ahmad@lums.edu.pk,http://www.lums.edu.pk,General
75,Liaquat University of Medical & Health Sciences,Public,Jamshoro,Sindh,"Liaquat University of Medical & Health Sciences Jamshoro, Sindh - Pakistan","+92-22-9213305, +92-22-9213307",registrar@lumhs.edu.pk,http://www.lumhs.edu.pk,Medical
76,Mehran University of Engineering & Technology,Public,Jamshoro,Sindh,"Indus Highway, Jamshoro 76062, Pakistan.",+92 (22) 2772250-73,registrar@admin.muet.edu.pk,http://www.muet.edu.pk,Engineering
77,Minhaj University,Private,Lahore,Punjab,"Near Hamdard Chowk, Township, Lahore.","+92-42-351206800, +92-42-35145",info@mul.edu.pk,http://www.mul.edu.pk,General
78,Mirpur University of Science & Technology,Public,Mirpur,Azad Kashmir,"Mirpur University of Science and Technology (MUST), Admin Block, Allama Iqbal Road, Sector B-3, Mirpur.",+92-5827-961034,info@must.edu.pk,http://www.must.edu.pk,General
79,Muhammad Ali Jinnah University,Private,Karachi,Sindh,"22-E, Block-6, PECHS, Karachi 75400","+92-21-111-87-87-87, +92-21-34",info@jinnah.edu,http://www.jinnah.edu,General
80,Muhammad Nawaz Shareef University of Agriculture,Public,Multan,Punjab,"Old Shujaabad Road, Chungi No. 21, Sui Gas road, Multan",+92-61-9201680 +92-61-9201711,info@mnsuam.edu.pk,http://www.mnsuam.edu.pk,Agriculture
81,Muhammad Nawaz Sharif University of Engineering & Technology,Public,Multan,Punjab,"GCT, Old Bahwalpur Road, Multan.",+92-61-4482453,info@mnsuet.edu.pk,http://www.mnsuet.edu.pk/,Engineering
82,Muslim Youth University,Private,Islamabad,Islamabad Capital Territory,"Muslim Youth University. PO Box 21177 G-10, subsector 4 (G-10/4) Islamabad","+92-51-8733217, +92-51-873321",contact@myu.edu.pk,http://myu.edu.pk/,General
83,Ned University of Engineering & Technology,Public,Karachi,Sindh,"NED University of Engineering & Technology University Road, Karachi - 75270, Pakistan","+92-21-99261253, +92-21-99261",registrar@neduet.edu.pk,http://www.neduet.edu.pk,Engineering
84,Nfc Institute of Engineering & Technology,Public,Multan,Punjab,"NFC Institute of Engineering and Technology, Opposite Pak Arab Fertilizers, Khanewal Road, Multan, Pakistan","+92-61-9220044, +92-61-9220012",info@nfciet.edu.pk,http://www.nfciet.edu.pk,Engineering
85,National College of Arts,Public,Lahore,Punjab,"4, Shahrah-E-Quaid-E-Azam, Lahore,Pakistan","+92 42 99210599, 99210601",info@nca.edu.pk,http://www.nca.edu.pk,General
86,National College of Business Administration & Economics,Private,Lahore,Punjab,"National College of Business Administration & Economics, 40-E1, Gulberg III, Lahore 54660, Pakistan","+92 (42) 3575-2716, 19",admission@ncbae.edu.pk,http://www.ncbae.edu.pk,Business
87,National Defense University,Public,Islamabad,Islamabad Capital Territory,"Sector E-9, Islamabad",051-9262066-68,gso1trg@ndu.edu.pk,http://www.ndu.edu.pk/,General
88,National Textile University,Public,Faisalabad,Punjab,"National Textile University: Sheikhupura Road, Faisalabad 37610, Pakistan",92 (041) 9230081-90,info@ntu.edu.pk,http://www.ntu.edu.pk,Textile
89,National University of Computer & Emerging Sciences (fast),Private,Islamabad,Islamabad Capital Territory,"A.K Brohi Road , Sector H-11/4, Islamabad.","+92-51-111 128 128, +92-51-831",admissions@nu.edu.pk,http://www.nu.edu.pk/,Information Technology
90,National University of Medical Sciences,Public,Rawalpindi,Punjab,"National University of Medical Sciences, The Mall, Rawalpindi, Pakistan.",+92-51-9270677,info@numspak.edu.pk,http://numspak.edu.pk/,Medical
91,National University of Modern Languages (numl),Public,Islamabad,Islamabad Capital Territory,"National University of Modern Languages H-9 Islamabad ,Pakistan.","+92-51-111-11-6878, +92-51-908",info@numl.edu.pk,http://www.numl.edu.pk/,General
92,National University of Sciences & Technology,Public,Islamabad,Islamabad Capital Territory,"National University of Sciences and Technology. NUST Campus, H-12, Islamabad, Pakistan.",+92-51-111-11-6878,hrm@nust.edu.pk,http://www.nust.edu.pk/,Engineering
93,Nazeer Hussain University,Private,Karachi,Sindh,"Address: ST-2 Block-4, Federal B Area Near Karimabad Karachi.",+92-21- 3636 2046-54,info@nhu.edu.pk,http://www.nhu.edu.pk/,General
94,Newport Institute of Communications & Economics,Private,Karachi,Sindh,"40-L, PECHS Block-6, Karachi.","+9221-34541067, +9221-36671234",info@newports.edu.pk,http://www.newports.edu.pk,General
95,Northern University Nowshera,Private,Nowshera,Khyber Pakhtunkhwa,"The Northern University (Main Campus), Wattar Walai Ziarat, Kaka Sahib Road Nowshera, KPK, PK","+92-923-613487, +92-923-613485",info@northern.edu.pk,http://www.northern.edu.pk,General
96,Nur International University,Private,Lahore,Punjab,"11/I-B, Model Town, Lahore – Pakistan","+92-42-111555600, +92-42-37421",info@niu.edu.pk,http://www.niu.edu.pk,General
97,Pakistan Institute of Development Economics (pide),Public,Islamabad,Islamabad Capital Territory,"Pakistan Institute of Development Economics (PIDE), Quaid-i-Azam University Campus, P.O. Box. 1091, Islamabad, 44000, Pakistan.",+92-51-9248074 +92-51-9248065,registrar@pide.org.pk,http://www.pide.org.pk/,General
98,Pakistan Institute of Engineering & Applied Sciences,Public,Islamabad,Islamabad Capital Territory,"Nilore, Islamabad, Pakistan.",+92 51 1111 74327,registrar@pieas.edu.pk,http://www.pieas.edu.pk/,Engineering
99,Pakistan Institute of Fashion & Design,Public,Lahore,Punjab,"51-JIII Joher Town. Lahore , P.O.Box 542782 Pakistan",042-99232951-7,info@pifd.edu.pk,http://www.pifd.edu.pk,General
100,Peoples University of Medical & Health Sciences For Women,Public,Nawabshah,Sindh,"Peoples University of Medical & Health Sciences for Women, Nawabshah 67480 (SBA).",+92-244-9370260,registrar@pumhs.edu.pk,http://www.pumhs.edu.pk,Medical
101,Pir Mehr Ali Shah Arid Agriculture University,Public,Rawalpindi,Punjab,"PMAS-Arid Agriculture University Rawalpindi, Shamsabad, Muree Road Rawalpindi - Pakistan.",+92-51-9292104,registrar@uaar.edu.pk,http://www.uaar.edu.pk,Agriculture
102,Preston University,Private,Kohat,Khyber Pakhtunkhwa,"Sector 10 Street 3 KDA Kohat, Kohat, Pakistan, Islamabad Campus: Plot No 85, Street 3, Sector H-8/1,Islamabad.",+92-51-8491300,kohat@preston.edu.pk,http://www.preston.edu.pk,General
103,Preston University,Private,Karachi,Sindh,"Main Campus:15, Banglore Town, Shahrah-e-Faisal,Karachi.",+92-21-34398727,karachi@preston.edu.pk,http://www.preston.edu.pk,General
104,Qarshi University,Private,Lahore,Punjab,"Qarshi University 8-Km Thokar Niaz baig, Canal Bank Road, Opposite lzmir Town, Lahore- Pakistan. 54000","+92-42-37576946,+92-42-3742976",info@qu.edu.pk,http://www.qu.edu.pk,General
105,"Quaid-e-awam University of Engineering, Sciences & Technology",Public,Nawabshah,Sindh,"Quaid-e-Awam University Sakrand Road, Nawabshah, Sindh, Pakistan",0244-9370381-5,registrar@quest.edu.pk,http://www.quest.edu.pk,Engineering
106,Quaid-i-azam University,Public,Islamabad,Islamabad Capital Territory,"Quaid-i-Azam University Islamabad, 45320, Pakistan.",+92-051-9064 0000,info@qau.edu.pk,https://www.qau.edu.pk/,General
107,Qurtaba University of Science & Information Technology,Private,Dera Ismail Khan,Khyber Pakhtunkhwa,"Sheikh Yusuf Road, Dera Ismail Khan,",+92 (966) - 714007/8,dik@qurtuba.edu.pk,http://www.qurtuba.edu.pk,General
108,Riphah International University,Private,Islamabad,Islamabad Capital Territory,"Sector I-14, Hajj Complex, Islamabad.",+92 (51) 844 6000-7,admissions@riphah.edu.pk,https://www.riphah.edu.pk/,General
109,Sardar Bahadur Khan Women University,Public,Quetta,Balochistan,"SBK Women's University, Brewery Road Quetta, Balochistan,Pakistan",+92(081) 9213303,vc@sbkwu.edu.pk,http://www.sbkwu.edu.pk,General
110,Sarhad University of Science & Information Technology,Private,Peshawar,Khyber Pakhtunkhwa,"Sarhad University Landi Akhun Ahmad, Hayatabad Link. Ring Road, Peshawar, Pakistan",+92-91-5230931,registrar@suit.edu.pk,http://www.suit.edu.pk,General
111,Shah Abdul Latif University,Public,Khairpur,Sindh,"Old National Highway, Khairpur Mir's, 66020 Sindh, Pakistan",+92-243-9280061-62,info@salu.edu.pk,http://www.salu.edu.pk,General
112,Shaheed Benazir Bhutto City University,Private,Karachi,Sindh,"Plot F-201 1st floor & 2nd Floor, Near Site Philips Chowrangi, Labour Square, Site Police Station, Binoria Restaurant, Karachi.","+92-21-34242136, +92-21-342420",info@sbbcu.edu.pk,http://www.sbbcu.edu.pk,General
113,Shaheed Benazir Bhutto Dewan University,Private,Karachi,Sindh,"Plot # 30-A/1, Sector 23, Korangi Industrial Area, Karachi, 74900-Pakistan.","+92)- (021)-35115008-10, (021)",info@sbbdewanuniversity.edu.pk,http://www.sbbdewanuniversity.edu.pk/,General
114,Shaheed Benazir Bhutto University of Veterinary & Animal Sciences,Public,Nawabshah,Sindh,"Main Nawabshah road, Sakrand, District Shaheed Benazirabad",+92-244-322150,info@sbbuvas.edu.pk,http://www.sbbuvas.edu.pk,General
115,"Shaheed Benazir Bhutto University, Shaheed Benazirabad",Public,Nawabshah,Sindh,"SHAHEED BENAZIR BHUTTO UNIVERSITY, SHAHEED BENAZIRABAD, Pakistan 67450","+92-244-9370520, +92-244-93705",info@sbbusba.edu.pk,http://www.sbbusba.edu.pk/,General
116,Shaheed Benazir Bhutto Women University,Public,Peshawar,Khyber Pakhtunkhwa,"Shaheed Benazir Bhutto Women University, Opposite Fort Balahisar near LRH, Peshawar Pakistan.","+92-91-9212422, +92-91-922 477",info@sbbwu.edu.pk,http://www.sbbwu.edu.pk,General
117,Shaheed Mohtarma Benazir Bhutto Medical University,Public,Larkana,Sindh,"Shaheed Mohtarma Benazir Bhutto Medical University Larkana, Sindh, Pakistan","+92-74-9410724, +92-74-9410908",registrar@smbbmu.edu.pk,http://www.smbbmu.edu.pk,Medical
118,Shaheed Zulfikar Ali Bhutto Institute of Science & Technology,Private,Karachi,Sindh,"SZABIST 90 and 100 Clifton, Karachi 75600, Pakistan",(92-21) 111-922-478,info@szabist.edu.pk,http://www.szabist.edu.pk,General
119,Shaheed Zulfiqar Ali Bhutto Medical University,Public,Islamabad,Islamabad Capital Territory,"Shaheed Zulfiqar Ali Bhutto Medical University (SZABMU), PIMS, G-8/3, Islamabad, 44000",(92) (51) (9107) 687,info@szabmu.edu.pk,http://www.szabmu.edu.pk/,Medical
120,Shaheed Zulfiqar Ali Bhutto University of Law,Public,Karachi,Sindh,"Chaudry Khaliq-uz-Zaman Road, Near Lilly Bridge, Clifton, Karachi.",+92-21-99206452-53,info@szabul.edu.pk,http://www.szabul.edu.pk,General
121,Shifa Tameer-e-millat University,Private,Islamabad,Islamabad Capital Territory,"Shifa Tameer-e-Millat University Pitras Bukhari Road, H-8/4 Islamabad 44000 Pakistan","+92-51-8464214, +92-51-8464215",info@stmu.edu.pk,http://www.stmu.edu.pk/,General
122,University of Technology (shuhada-e-army Public School),Public,Nowshera,Khyber Pakhtunkhwa,"Ex-Adamjee Paper and Board Mills, Amangarh, Nowshera. 24100",0923-560301,samibangash@uotnowshera.edu.pk,http://uotnowshera.edu.pk/,General
123,Sindh Agriculture University,Public,Hyderabad,Sindh,"Sindh Agriculture Univeristy, Tandojam Hyderabad, Sindh Pakistan Postal Code: 70060",+ 92-22-2765870,info@sau.edu.pk,http://www.sau.edu.pk,Agriculture
124,Sindh Institute of Management & Technology,Private,Karachi,Sindh,"ST-25, BLOCK 14, GULISTAN-E-JOHAR, KARACHI",021 111-746-746,info@simt.edu.pk,http://www.simat.edu.pk,General
125,Sindh Institute of Medical Sciences,Private,Karachi,Sindh,"Civil Hospital Karachi 74200, Pakistan",(92-21) 99215752 & 99215718,info@siut.org,http://www.siut.org,Medical
126,Sindh Madresatul Islam University,Public,Karachi,Sindh,"Aiwan-e-Tijarat Road, Karachi-74000, Pakistan.","+92-21-99211274, +92-21-992112",info@smiu.edu.pk,http://www.smiu.edu.pk,General
127,Sir Syed University of Engineering & Technology,Private,Karachi,Sindh,"Main University Road, Karachi 75300, Pakistan",+92 21 3498-8000,info@ssuet.edu.pk,http://www.ssuet.edu.pk,Engineering
128,Sukkur Institute of Business Administration,Public,Sukkur,Sindh,"Main Campus, Airport Road, Sukkur",071-5644000-05,shoukat.abbasi@iba-suk.edu.pk,http://www.iba-suk.edu.pk,Business
129,Textile Institute of Pakistan,Private,Karachi,Sindh,"203, Aamir Trade Centre Plot No. 233/1-A, Block 2, PECHS, Shara-e-Quaideen, Karachi. Pakistan.",(92-21) 34549734 / 34549870,info@tip.edu.pk,http://tip.edu.pk/,Textile
130,The Superior College,Private,Lahore,Punjab,"Main Raiwind Road, Lahore","042-111-00-00-78 , 042-3810-42",info@superior.edu.pk,http://www.superior.edu.pk,General
131,The University of Faisalabad,Private,Faisalabad,Punjab,"Sargodha Road, University Town, Faisalabad",+92 041-8868326-30,info@tuf.edu.pk,http://www.tuf.edu.pk,General
132,The Women University,Public,Multan,Punjab,"The Women University Multan Address: Kutchery Campus, L.M.Q. Road, Multan",061-9200811,info@wum.edu.pk,http://www.wum.edu.pk,General
133,University of Agriculture,Public,Faisalabad,Punjab,"University of Agriculture University Main Rd، Faisalabad, Pakistan.",+92 41 9200161-70,contact_us@uaf.edu.pk,http://www.uaf.edu.pk,Agriculture
134,University of Azad Jammu & Kashmir,Public,Muzaffarabad,Azad Kashmir,"University of Azad Jammu & Kashmir, Administration Block, Challa Campus Muzaffarabad, Azad Kashmir",+92-5822-960466-470,info@ajku.edu.pk,http://www.ajku.edu.pk,General
135,University of Balochistan,Public,Quetta,Balochistan,"University of Balochistan, Sariab Road Quetta.",+92-81-9211124,registrar@um.uob.edu.pk,http://www.uob.edu.pk,General
136,University of Central Punjab,Private,Lahore,Punjab,"Khayaban-e-Jinnah Road, Johar Town, Lahore.","+92-42-35954890, +92-42-358800",info@ucp.edu.pk,http://www.ucp.edu.pk,General
137,University of Education,Public,Lahore,Punjab,"College Road, Township, Lahore.",+92-42-99262223-4,registrar@ue.edu.pk,http://www.ue.edu.pk,General
138,University of Engineering & Technology,Public,Peshawar,Khyber Pakhtunkhwa,"University of Engineering & Technology, Peshawar, Pakistan",(+92-91)9216796-8,registrar@uetpeshawar.edu.pk,http://www.uetpeshawar.edu.pk,Engineering
139,University of Engineering & Technology,Public,Lahore,Punjab,"UNIVERSITY OF ENGINEERING & TECHNOLOGY, G.T. Rd, Lahore 54890, Pakistan","+92-42-99250201, +92-42-990292",registrar@uet.edu.pk,http://www.uet.edu.pk,Engineering
140,University of Engineering & Technology,Public,Taxila,Punjab,University of Engg. & Technology (UET) Taxila.,+92 51-9047-400,nfo@uettaxila.edu.pk,http://www.uettaxila.edu.pk,Engineering
141,University of Fata,Public,Kohat,Khyber Pakhtunkhwa,"Govt Degree College Darra Adam Khel Akhurwal F.R Kohat N-55, Pakistan.","+92-91-9218182, +92-91-9216427",info@fu.edu.pk,http://www.fu.edu.pk/,General
142,University of Gujrat,Public,Gujrat,Punjab,"University of Gujrat Hafiz Hayat Campus Jalalpur Road Gujrat, Pakistan.",+92 (53) 3643112,info@uog.edu.pk,http://www.uog.edu.pk,General
143,University of Health Sciences,Public,Lahore,Punjab,"University of Health Sciences, Khayaban-e-Jamia Punjab, Lahore-54600","+92-42-99231304-09, +92-42-111",info@uhs.edu.pk,http://www.uhs.edu.pk,Medical
144,University of Karachi,Public,Karachi,Sindh,"University of Karachi Main University Road Karachi - 75270 Sindh, Pakistan",92.21.99261300-07,info@uok.edu.pk,http://www.uok.edu.pk,General
145,University of Lahore,Private,Lahore,Punjab,"UNIVERSITY OF LAHORE,1-K.M, Raiwind Road, Lahore.",+92 42 111-865-865,info@uol.edu.pk,http://www.uol.edu.pk,General
146,University of Management & Technology,Private,Lahore,Punjab,"University of Management and Technology , C-II Johar Town Lahore",+92 42 35212801-10,admissions@umt.edu.pk,http://www.umt.edu.pk,General
147,University of Peshawar,Public,Peshawar,Khyber Pakhtunkhwa,"Old Jamrud Road, Peshawar.",+92-91-9216701,registrar@uop.edu.pk,http://www.uop.edu.pk/,General
148,University of Sargodha,Public,Sargodha,Punjab,"University of Sargodha, University Road Sargodha 40100 Punjab,Pakistan",+92-48-9230811-15,info@uos.edu.pk,http://www.uos.edu.pk,General
149,University of Science & Technology,Public,Bunnu,Khyber Pakhtunkhwa,"University of Science & Technology, Bannu, Khyber Pakhtunkhawa (KPK), (Pakistan)",+92-928-633817-18,registrar@ustb.edu.pk,http://www.ustb.edu.pk,General
150,University of Sindh,Public,Jamshoro,Sindh,"Allama I.I.Kazi Campus, University of Sindh, Jamshoro-76080, Sindh, Pakistan.",+92-22-9213-181-90,info@usindh.edu.pk,http://www.usindh.edu.pk,General
151,University of South Asia,Private,Lahore,Punjab,"47-Tufail Road, Lahore Cantt.","+92-42-36672943, +92-42-366 50",help@usa.edu.pk,"+92-42-36672943, +92-42-366 50983",General
152,University of Swabi,Public,Swabi,Khyber Pakhtunkhwa,"University of Swabi, Khyber Pakhtunkhwa",+92-938-490238,adminofficer@uoswabi.edu.pk,http://www.uoswabi.edu.pk,General
153,University of Swat,Public,Swat,Khyber Pakhtunkhwa,"G.T Road, Odigram, Swat, Khyber Pakhtunkhwa.",+92-946-924 00060946,registrar@uswat.edu.pk,http://www.uswat.edu.pk/,General
154,University of Veterinary & Animal Sciences,Public,Lahore,Punjab,"University of Veterinary and Animal Sciences - UVAS Syed Abdul Qadir Jillani (Out Fall) Road, Lahore - Pakistan","92-42-99211374, 99211449",helpline@uvas.edu.pk,http://www.uvas.edu.pk,General
155,University of Wah,Private,Wah Cantt,Punjab,"Quaid Avenue, The Mall. Wah Cantt.","051-9157000, 051-451425256-7",info@uow.edu.pk,http://www.uow.edu.pk/,General
156,University of The Punjab,Public,Lahore,Punjab,"P.O. Box No. 54590. Lahore, Pakistan.","+92-42-99231098-9, +92-42-3584",registrar@pu.edu.pk,http://www.pu.edu.pk,General
157,Virtual University of Pakistan,Public,Lahore,Punjab,"M.A. Jinnah Campus, Defence Road, Off Raiwind Road, Lahore, Pakistan.",+92-42-99203901,registrar@vu.edu.pk,http://www.vu.edu.pk/,General
158,Women University Mardan,Public,Mardan,Khyber Pakhtunkhwa,http://www.wumardan.edu.pk,(0937) 871 416,pstovc@wumardan.edu.pk,http://www.wumardan.edu.pk,General
159,"Women University, Swabi",Public,Swabi,Khyber Pakhtunkhwa,"WOMEN UNIVERSITY, SWABI",+92 0938-224222,info@wus.edu.pk,http://www.wus.edu.pk/,General
160,Zia-ud-din University,Private,Karachi,Sindh,"4/B, Shahra-e-Ghalib, Block 6, Clifton, Karachi 75600.",(9221) 35862937-9,info@zu.edu.pk,ZIA-UD-DIN UNIVERSITY,General
161,Lahore School of Economics,Private,Lahore,Punjab,"Intersection Main Boulevard Phase VI DHA, Burki 53200, Lahore.",+ 92 42 36560675,qaisar@lahoreschool.edu.pk,http://www.lahoreschoolofeconomics.edu.pk,General
162,"Lasbela University of Agriculture, Water & Marine Sciences",Public,Lasbela,Balochistan,"Lasbela University of Agriculture, Water and Marine Sciences, Uthal, District Lasbela",0853-610846,pvc@luawms.edu.pk,http://www.luawms.edu.pk/,Agriculture
163,University of Turbat,Public,Jazan,Punjab,"Overseas Colony, Airport Road, Turbat Balochistan.",+92-85-414498,registrar@uot.edu.pk,http://www.uot.edu.pk,General
164,Aga Khan University,Private,Karachi,Sindh,"First Floor, Juma Building The Aga Khan University P.O. Box 3500, Stadium Road, Karachi 74800, Pakistan",+92 21 3493 0051,mc.ea@aku.edu,https://www.aku.edu/,Medical
165,Al-khair University (banned By Hec),Private,Muzzaffarabad,Azad Kashmir,"University Road, Bhimber (AJK)",05828-454085,info@alkhair.edu.pk,http://alkhair.edu.pk,General
166,Barret Hodgson University,Private,Karachi,Sindh,"The Salim Habib Campus, NC-24, Deh Dih, Korangi Creek, Karachi",92 21 35122931-35,info@bhu.edu.pk,http://www.bhu.edu.pk/,General
167,Fatima Jinnah Women University,Public,Rawalpindi,Punjab,"The Mall, Old Presidency, Rawalpindi","+92-51-9292901,+92-51-9292902",bhs@fjwu.edu.pk,http://www.fjwu.edu.pk,General
168,Gambat Institute of Medical Sciences,Public,Khairpur,Sindh,"Gambat Institute of Medical Sciences, Gambat Station Road, Pakistan.",92-243-640160,mailus@gims.edu.pk,http://www.gims.edu.pk/,Medical
169,"Global Institute, Lahore [hec-noc Suspended]",Private,Lahore,Punjab,"3-Aurangzeb Block, New Garden Town, Lahore.",+92-42-35857924-6,info@global.edu.pk,http://global.edu.pk/,General
170,Imperial College of Business Studies,Private,Lahore,Punjab,"Canal Bank Road Near Bahria Chowk, Lahore",+92-42-35978525-32,admissions@imperial.edu.pk,http://imperial.edu.pk/,General
171,Mohi-ud-din Islamic University,Private,Muzzaffarabad,Azad Kashmir,"Mohi-ud-Din Islamic University, Nerian Sharif AJ&K.",05825-450282-3,info@miu.edu.pk,http://miu.edu.pk/,General
172,Pakistan Military Academy,Public,Abbottabad,Khyber Pakhtunkhwa,"Kakul Road, Abbottabad Pakistan",92 (0)992 - 363643,missing@pma.edu.pk,http://www.pma.edu.pk,General
173,Pakistan Naval Academy,Public,Karachi,Sindh,"Pakistan Naval Academy Karachi, Pakistan",0347 1891949,email@paknavy.gov.pk,http://www.paknavy.gov.pk,General
174,"Preston Institute of Management, Science & Technology (banned For Admissions W.e.f 10-06-2017)",Private,Karachi,Sindh,"177/2, IEP Building, Karachi, Pakistan",0921-32789888-90,admissions@pimsat-khi.edu.pk,https://pimsat-khi.edu.pk,General
175,"Shuhada-e-army Public School University of Technology, Nowshera",Public,Nowshera,Khyber Pakhtunkhwa,"Ex-Adamjee Paper and Board Mills, Amangarh, Nowshera.",0923-560301,missing@uotnowshera.edu.pk,http://uotnowshera.edu.pk/,General
176,University of Kotli Azad Jammu And Kashmir,Public,Muzzaffarabad,Azad Kashmir,"Kotli, Azad Kashmir,",+92-5826-960042,vice.chancellor@uokajk.edu.pk,http://www.uokajk.edu.pk,General
177,"University of Baltistan, Skardu",Public,Skardu,Gilgit-Baltistan,"University of Baltistan, Skardu",05815-960070,info@kiu.edu.pk,https://www.kiu.edu.pk/page/skardu-campus,General
178,University of Loralai,Public,Lasbela,Balochistan,"College Road, Loralai at Loralai Zhob Division, Balochistan.",(0824) 410782,info@uoli.edu.pk,http://www.uoli.edu.pk/,General
179,University of Malakand,Public,Mardan,Khyber Pakhtunkhwa,"Chakdara, Dir, Lower, Malakand Khyber Pakhtunkhwa",0945-763023 Ext 3011,missinginfo@uom.edu.pk,http://www.uom.edu.pk,General
180,University of Poonch,Public,Rawalakot,Azad Kashmir,"B-65, Housing Scheme, Rawalakot (Azad Kashmir)",+92 5824-960053,registrar@upr.edu.pk,http://www.upr.edu.pk/,General
181,Women University of Azad Jammu & Kashmir,Public,Mirpur (AK),Azad Kashmir,"Women University of Azad Jammu & Kashmir, Bagh",058-23-960044,info@wuajk.edu.pk,http://www.wuajk.edu.pk/,General
182,Shaheed Benazir Bhutto University,Public,Amilcar,Unknown,"Sheringal, Upper Dir, Khyber Pakhtunkhwa",+92-944-885529,registrar@sbbu.edu.pk,http://www.sbbu.edu.pk,General
183,Khushal Khan Khattak University,Public,testcity,Unknown,"Opposite Tableghi markaz, Karak.","+92-927- 291018, 291026",vc@kkkuk.edu.pk,http://www.kkkuk.edu.pk/,General
184,"Benazir Bhutto Shaheed University of Technology & Skill Development, Khairpur Mirs",Public,Khairpur,Sindh,Station Road Near Mil Colony Khairpur MiRS Khairpur Khairpur Mirs,0243-9280168,missingemail@bbsut.edu.pk,https://www.underprocess.pk/,General
185,Bacha Khan University,Public,testcity,Unknown,"Bacha Khan University, Palosa, Charsadda.",091-6540116,webmaster@bkuc.edu.pk,http://www.bkuc.edu.pk/,General
186,National University of Technology (nutech),Public,Islamabad,Islamabad Capital Territory,"National University of Technology (NUTECH), IJP Road, Sector I-12, Islamabad.",+92-51-5476768,info@nutech.edu.pk,https://nutech.edu.pk/,General
187,Shifatameer-e-millat University,Private,Islamabad,Islamabad Capital Territory,"Shifa Tameer-e-Millat University Pitras Bukhari Road, H-8/4 Islamabad",+92-51-8464214,info@stmu.edu.pk,https://stmu.edu.pk/,General
188,"Cholistan University of Veterinary And Animal Sciences, Bahawalpur",Public,Bahawalpur,Punjab,"Cholistan University of Veterinary & Animal Sciences, Near DHA, Bahawalpur, Punjab-Pakistan",+92-062- 9255716,registrar@cuvas.edu.pk,http://www.cuvas.edu.pk,General
189,"Faisalabad Medical University, Faisalabad",Public,Faisalabad,Punjab,"Sargodha Road, Faisalabad-Punjab Pakistan",+92-41-9210080,vcfmuf@gmail.com,http://www.pmc.edu.pk/,Medical
190,Institute For Art And Culture,Private,Lahore,Punjab,"Mian Riwand Road, Lahore Pakistan",+92-42-32590040-7,info@iac.edu.pk,https://iac.edu.pk/,General
191,Nishtar Medical University Multan,Public,Multan,Punjab,"Nishtar Medical University (NMU), Nishtar Road, Gillani Colony, Multan Punjab, Pakistan",+92-61-9200231-35,nishtarmed@gmail.com,http://www.nmch.edu.pk,Medical
192,"Punjab Tianjin University of Technology, Lahore",Public,Lahore,Punjab,"Punjab Tianjin University of Technology (PTUT), Near Green Town Police station, Township, Lahore, Pakistan",+92-42-9933 2438,info@ptut.edu.pk,http://ptut.edu.pk/,General
193,"Emaan Institute of Management & Sciences, Karachi",Private,Karachi,Sindh,"E-136, Abul Hassan Asphani Road, Block-07 Gulshan-e-Iqbal, Karachi, 74200, Pakistan",+92-21-34999200-2,info@emaan.edu.pk,http://www.emaan.edu.pk,General
194,"Government College University, Hyderabad",Public,Hyderabad,Sindh,"Opposite Pinyari Police Station, Kali Mori, Hyderabad Sindh, Pakistan",+92-22-2111877,info@gcuh.edu.pk,http://www.gcuh.edu.pk,General
195,Ilma University,Private,Karachi,Sindh,"Main Ibrahim Hydri Road, Korangi Creek, Karachi.",+92-21-35120462,info@ilmauniversity.edu.pk,http://www.ibt.edu.pk,General
196,Sohail University,Private,Karachi,Sindh,"Sohail University, 22-23 Shaheed-e-Millat Road, Karachi-Sindh",+92-21-34931886-9,baqarnawab@hotmail.com,http://www.sohailuniversity.edu.pk,General
197,Abottabad University of Science And Technology (aust),Public,Abbottabad,Khyber Pakhtunkhwa,"Captain Akaash Rabbani Shaheed Road, Tehsil Havelian, District Abbottabad, Khyber Pakhtunkhwa",+92-992-402117,info@aust.edu.pk,http://aust.edu.pk,Engineering
198,"The University of Agriculture, Peshawar",Public,Peshawar,Khyber Pakhtunkhwa,"The University of Agriculture, Peshawar Pakistan",+92-91-9221263,registrar@aup.edu.pk,http://www.aup.edu.pk/,Agriculture
199,"University of Engineering & Technology (uet), Mardan",Public,Mardan,Khyber Pakhtunkhwa,"University of Engineering & Technology (UET), Mardan",+92-937-9230295,registrar@uetmardan.edu.pk,http://www.uetmardan.edu.pk,Engineering
200,University of Science & Technology,Public,Bunnu,Khyber Pakhtunkhwa,"Main Campus Township, Bannu.",+92-928-633823,registrar@ustb.edu.pk,https://www.ustb.edu.pk/,General
201,Brains Institute Peshawar,Private,Peshawar,Khyber Pakhtunkhwa,"Phase III Chowk, Jamrud Road, Peshawar",+92-91-5611637,info@brains.edu.pk,http://brains.edu.pk,General
202,"The Bolan University of Medical And Health Sciences, Quetta",Public,Quetta,Balochistan,"The Bolan University of Medical & Health Sciences. Brewery Road,Quetta Balochistan, Pakistan",+92-81-9213070,registrar@bumhs.edu.pk,http://www.bumhs.edu.pk/,Medical
203,"University of Sufism And Modern Sciences, Bhitshah Sindh",Public,Bhit Shah,Sindh,Mian Campus; Bhit Shah,+92-22-2762415,dep.registrar@usms.edu.pk,http://usms.edu.pk/,General
204,Shaheed Benazir Bhutto University,Public,Upper Dir,Khyber Pakhtunkhwa,"Sheringal, Upper Dir, Khyber Pakhtunkhwa",+92-944-885527,registrar@sbbu.edu.pk,https://sbbu.edu.pk/,General
205,The University of Lakki Marwat,Public,Lakki Marwat,Khyber Pakhtunkhwa,"The University of Lakki Marwat GPGC (Boys), District Lakki Marwat Khyber Pakhtunkhwa",+92-969-511819,ulm_2017@outlook.com,http://www.ulm.edu.pk,General
206,University of Buner,Public,Buner,Khyber Pakhtunkhwa,"University of Buner Sowari, Buner, Khyber Pakhtunkhwa",+92-939-555211,registrar@ubuner.edu.pk,https://www.ubuner.edu.pk/,General
207,University of Chitral,Public,Chitral,Khyber Pakhtunkhwa,"University of Chitral Seen, Lasht Chitral, Khyber Pakhtunkhwa",+92-943-412401,registrar@uoch.edu.pk,http://www.uoch.edu.pk,General
208,University of Haripur,Public,Haripur,Khyber Pakhtunkhwa,"Hattar Road, Near Swat Chowk, Tehsil & District Haripur.",+92-995-615393,registrar@uoh.edu.pk,http://www.uoh.edu.pk/,General
209,"Pak-austria Fachhochschule Institute of Applied Sciences And Technology, Haripur",Public,Haripur,Khyber Pakhtunkhwa,"Mang, Haripur-Khyber Pakhtunkhwa Pakistan",+92-995-645112-18,info@paf-iast.edu.pk,https://www.paf-iast.edu.pk/,General
