,Univeristy/Institute,Sector,City,Address,Phone,Other details
0,ABASYN UNIVERSITY,Private,Peshawar,"Peshawar Campus, Ring Road (Charsadda Link), Peshawar.","92-91-258 2934, +92-91- 224867",Email: admissions@abasyn.edu.pk Fax:+92 051 8438325 URL:http://www.abasyn.edu.pk/
1,Abbottabad University of Science and Technology (AUST),Public,Abbottabad,"Captain Akaash Rabbani Shaheed Road, Tehsil Havelian, District Abbottabad, Khyber Pakhtunkhwa",+92 (992) 402 117,Email: info@aust.edu.pk Fax: URL:http://aust.edu.pk
2,ABDUL WALI KHAN UNIVERSITY,Public,Mardan,"Garden Campus Toru Road, Mardan","+92-937-843356, +92-937-840499",Email: ua-cdc@awkum.edu.pk Fax: URL:http://www.awkum.edu.pk
3,AIR UNIVERSITY,Public,Islamabad,"Service Road E-9 / E-8, Islamabad, Pakistan، Islamabad 44000, Pakistan",+92-51-9262557-9,Email: amjad@mail.au.edu.pk Fax:051-9260158 URL:http://www.au.edu.pk/
4,AL-HAMD ISLAMIC UNIVERSITY,Private,Quetta,"Airport Road Quetta, Baleli Road, Quetta, Pakistan","+92-81-2301771-6, 4, 3,2",Email: info@aiu.edu.pk Fax: URL:http://www.aiu.edu.pk
5,ALI INSTITUTE OF EDUCATION,Private,Lahore,"Shahrah-e-Roomi (Ferozpur Road), Lahore 54000.",+92.423 588 2913,Email: info@aie.edu.pk Fax: URL:http://www.aie.edu.pk/
6,ALLAMA IQBAL OPEN UNIVERSITY,Public,Islamabad,"Ashfaq Ahmed Road, H-8/2، Islamabad 44000, Pakistan",+92-51-111-112-468,Email: support@aiou.edu.pk Fax:(042) 99260021 URL:http://www.aiou.edu.pk
7,BAHAUDDIN ZAKARIYA UNIVERSITY,Public,Multan,"Bosan Road,Multan 60000, Multan, Pakistan",+92-61-9210069,Email: registrar@bzu.edu.pk Fax:+92 61 9210069 URL:http://www.bzu.edu.pk
8,BAHRIA UNIVERSITY,Public,Islamabad,"Sector E-8، Shangrilla Rd, Islamabad, Pakistan",+92-51-111-111-028,Email: info@bahria.edu.pk Fax: 92-51-9260885 URL:http://www.bahria.edu.pk/
9,Balochistan University of Engineering & Technology,Public,Khuzdar,"Balochistan University of Engg & Technology (BUET), Khuzdar.","+92-848-412834, +92-848-502100","Email: info@buetk.edu.pk Fax:FAX +92 848 413197, URL:http://www.buetk.edu.pk"
10,BALOCHISTAN UNIVERSITY OF INFORMATION TECHNOLOGY & MANAGEMENT SCIENCES,Public,Quetta,"Balochistan University of Information Technology, Engineering and Management Sciences, Airport Road, Baleli, Quetta.","+92-81-2881042081, +92-81-9202",Email: faisal.durrani@buitms.edu.pk Fax:+92 (81) 2880522 URL:http://www.buitms.edu.pk
11,BAQAI MEDICAL UNIVERSITY,Private,Karachi,"51, Deh Tor, Gadap Road, Near Toll Plaza, Super Highway P.O Box No 2407, Karachi - 74600, Pakistan.","+92-21-34410-311, +92-21-34410","Email: info@baqai.edu.pk Fax:(092-21)34410-317 , URL:http://www.baqai.edu.pk"
12,BEACONHOUSE NATIONAL UNIVERSITY,Private,Lahore,"13 KM Raiwaind Road, Near Jati Umrah Road, Lahore 54400.",+92-42-38100156,Email: info@bnu.edu.pk Fax:(92) 42-5760254 URL:http://www.bnu.edu.pk
13,BENAZIR BHUTTO SHAHEED UNIVERSITY LYARI,Public,Karachi,"Fakir Muhammad Dura Khan Road, Near “Kashti Chowk” Lyari, Karachi, Postal Code: 75660.","+92-21-32744020, +92-21-327440",Email: info@bbsul.edu.pk Fax: URL:http://www.bbsul.edu.pk
14,CECOS UNIVERSITY OF INFORMATION TECHNOLOGY & EMERGING SCIENCES,Private,Peshawar,"CECOS University, Phase 6, Sector F-5, Hayatabad, Peshawar.",+92-91-5864291,Email: info@www.cecos.edu.pk Fax:(92) (091) 5860294 URL:http://www.cecos.edu.pk
15,COMSATS INSTITUTE OF INFORMATION TECHNOLOGY,Public,Islamabad,"Park Road, Tarlai Kalan, Islamabad 45550, Pakistan",051-90495112,Email: registrar@comsats.edu.pk Fax:051-9247006 URL:https://www.comsats.edu.pk/
16,CAPITAL UNIVERSITY OF SCIENCE & TECHNOLOGY,Private,Islamabad,"Capital University of Science & Technology Islamabad Expressway, Kahuta Road, Zone-V Islamabad.","+92-51-2512800-1, +92-51-44867",Email: registrar@cust.edu.pk Fax:+92-51-4486705 URL:http://www.cust.edu.pk/
17,CITY UNIVERSITY OF SCIENCE AND INFORMATION TECHNOLOGY,Private,Peshawar,"City University Of Science and Information Technology Dalazak Road Peshawar, Pakistan.",+92-91-2609501-8,Email: info@cusit.edu.pk Fax:+92 91 2609500 URL:http://www.cityuniversity.edu.pk
18,COMMECS INSTITUTE OF BUSINESS & EMERGING SCIENCES,Private,Karachi,"Plot No. 40-B, Block-6, PECHS, Karachi.","+92-21-34634104, +92-21-343200",Email: info@commecsinstitute.edu.pk Fax:8110751 URL:http://www.commecsinstitute.edu.pk
19,DHA SUFFA UNIVERSITY,Private,Karachi,"DG-78, Off Khayaban-e-Tufail, Ph-VII (Ext),DHA, Karachi-75500.",+92-21-35244875,Email: info@dsu.edu.pk Fax:021-35244855 URL:http://www.dsu.edu.pk
20,DOW UNIVERSITY OF HEALTH SCIENCES,Public,Karachi,"Baba-E-Urdu Road, Karachi 74200.",+92-21-99215754-7 +92-21-32715,Email: ctu@duhs.edu.pk Fax: URL:http://www.duhs.edu.pk
21,DADABHOY INSTITUTE OF HIGHER EDUCATION,Private,Karachi,"SNPA-17/B, Block 3, P.E.C.H.Society,Shaheed-e-Millat Road, Karachi.","+92-21-34389108, +92-21-111-02",Email: registrar@dadabhoy.edu.pk Fax:92 21 4389147 URL:http://www.dadabhoy.edu.pk
22,DAWOOD UNIVERSITY OF ENGINEERING & TECHNOLOGY,Public,Karachi,"M.A. Jinnah Road, Karachi 74800.","+92-21-99230701, +92-21-992311",Email: info@duet.edu.pk Fax:021-99230710 URL:http://www.duet.edu.pk
23,"FATIMA JINNAH MEDICAL UNIVERSITY, LAHORE",Public,Lahore,"Shara-I-Fatima Jinnah ,Queens Road Lahore","99200572-8, 99203718 111-222-",Email: info.college@fjmc.edu.pk Fax: URL:http://www.fjmc.edu.pk/
24,"FEDERAL URDU UNIVERSITY OF ARTS, SCIENCES & TECHNOLOGY",Public,Islamabad,"Sector G-7/1, Near Zero Point,Islamabad.",+92-51-9252860-64,Email: info@fuuastisb.edu.pk Fax:051-9252855 URL:http://www.fuuastisb.edu.pk/
25,FORMAN CHRISTIAN COLLEGE,Private,Lahore,Forman Christian College Ferozepur Road Lahore 54600 Pakistan,"+92-42-99230782, +92-42-992315",Email: contact@fccollege.edu.pk Fax: +92 (42) 9923 0703 URL:http://www.fccollege.edu.pk
26,FOUNDATION UNIVERSITY,Private,Islamabad,"Defence Avenue, Phase-I, DHA,Islamabad","+92-51-5788171, +92-51-5788250",Email: info@fui.edu.pk Fax:92-51-5151433 URL:http://www.fui.edu.pk/
27,GIFT UNIVERSITY,Private,Gujranwala,"Sialkot Bypass, Gujranwala, Pakistan.",+92-55-3892981,Email: info@gift.edu.pk Fax:92 55 3890266 URL:http://www.gift.edu.pk
28,GANDHARA UNIVERSITY,Private,Khyber Pukhtunkhwa,"Canal Road University Town, Peshawar.",+92-243-640160,Email: info@gandhara.edu.pk Fax:92 (0)91 5844428 URL:http://www.gandhara.edu.pk
29,GHAZI UNIVERSITY,Public,Dera Ghazi Khan,"Ghazi University, Dera Ghazi Khan - City Campus, College Chowk, Near Pul Dat.",+92-64-9260380,Email: info@gudgk.edu.pk Fax: URL:http://www.gudgk.edu.pk
30,GHULAM ISHAQ KHAN INSTITUTE OF ENGINEERING SCIENCES & TECHNOLOGY,Private,Swabi,"GIK Institute of Engineering Sciences and Technology, Topi 23640, District Swabi, Khyber Pakhtunkhwa, Pakistan.","+92-938-271875,+92-938-271897",Email: sherali@giki.edu.pk Fax:0938-281032 URL:http://www.giki.edu.pk
31,GOMAL UNIVERSITY,Public,Dera Ismail Khan,"Indus HWY, DI Khan City, Dera Ismail Khan, Khyber Pakhtoonkhwa, Dera Ismail Khan, Pakistan","+92-966-750266, +92-966-750279",Email: submit.gomalujr@gmail.com Fax:+92 966 750057 URL:http://www.gu.edu.pk/
32,GOVERNMENT COLLEGE UNIVERSITY,Public,Faisalabad,"Kotwali Rd, Faisalabad 38000, Pakistan.","+92-41-9200670, +92-41-9201266",Email: info@gcuf.edu.pk Fax:(92)-041-9200671 URL:http://www.gcuf.edu.pk
33,"GOVERNMENT COLLEGE UNIVERSITY, LAHORE",Public,Lahore,"Near Nasir Bagh, Katchery Rd, Lahore 54000, Pakistan.",+92-42-111 000 010,Email: registrar@gcu.edu.pk Fax:+92-42-99213337 URL:http://www.gcu.edu.pk
34,Government College Women University Faisalabad,Public,Faisalabad,"Government College Women University, Shafique Road Faisalabad Zip Code 38000",+92-41-9220065,Email: info@gcwuf.edu.pk Fax:+92-41-9220065 URL:http://gcwuf.edu.pk/
35,"GOVERNMENT COLLEGE FOR WOMEN UNIVERSITY, SIALKOT",Public,Sialkot,"Kutchehry Road, Sialkot Pakistan","+92-52-925 0170, +92-52-925 05",Email: info@gcwus.edu.pk Fax:052-9250168 URL:http://www.gcwus.edu.pk/
36,GOVERNMENT SADIQ COLLEGE WOMEN UNIVERSITY,Public,Bahawalpur,"Government Sadiq College Women University, Bahawalpur.","+92-62-2284803, +92-62 9250075",Email: info@gscwu.edu.pk Fax: URL:https://www.gscwu.edu.pk/
37,GREENWICH UNIVERSITY,Private,Karachi,"DK-10, 38th Street, Darkshan, DHA, Phase 6, Karachi 75500.","(92)(21) 35840397/98, (92)(21)",Email: gu@greenwich.edu.pk Fax:(92)(21) 35851910 URL:http://www.greenwich.edu.pk/
38,HITEC UNIVERSITY,Private,Taxila,"Museum Road, Taxila Cantt","+92-51-4908142, +92-51-3010514",Email: assistant.registrar@hitecuni.edu.pk Fax:051-4908145 URL:http://www.hitecuni.edu.pk
39,HABIB UNIVERSITY,Private,Karachi,"Habib University Foundation147, Block 7 & 8 Banglore Cooperative Housing SocietyTipu Sultan Road Karachi – 75350.",+92-21-111-042 242,Email: aamir.siddiqui@habib.edu.pk Fax: URL:http://www.habib.edu.pk
40,HAJVERY UNIVERSITY,Private,Lahore,"43-52 Industrial Area Gulberg III, Lahore.","+92-42-35717130-1, +92-42-111",Email: registrar@hup.edu.pk Fax:042-35755564 URL:http://www.hajvery.edu.pk
41,HAMDARD UNIVERSITY,Private,Karachi,"Madinat-al-Hikmah, Sharea Madinat al-Hikmah, Muhammad Bin Qasim Avenue, Karachi 74600.","+92-21-36440030021, +92-21-364",Email: info@hamdard.edu.pk Fax:(92-21) 36440045 URL:http://www.hamdard.edu.pk
42,HAZARA UNIVERSITY,Public,Mansehra,DHODIAL MANSEHRA [NWFP],"+92-997-530732, +92-997-414121",Email: registrar@hu.edu.pk Fax:+92-997-530046 URL:http://www.hu.edu.pk
43,INDUS VALLEY SCHOOL OF ART & ARCHITECTURE,Private,Karachi,"Street 33, Block 2, Scheme-5, Clifton, Karachi.75600",+92-21-111-111-487,Email: info@ivs.edu.pk Fax: URL:http://www.indusvalley.edu.pk
44,INDUS UNIVERSITY,Private,Karachi,"ST-2D, Block-17, Adjacent National Stadium Gulshan-e Iqbal, Opp: Mushriq Centre, Karachi.","+92-21-34977457, +92-21- 34801",Email: admission.site@indus.edu.pk Fax:(92-21) 34985320 URL:http://www.indus.edu.pk
45,INFORMATION TECHNOLOGY UNIVERSITY OF THE PUNJAB,Public,Lahore,"6th Floor, Arfa Software Technology Park, Ferozepur Road, Lahore","+92-42-99232124, +9242-9923253",Email: admission@itu.edu.pk Fax: URL:http://www.itu.edu.pk
46,INSTITUTE OF BUSINESS & TECHNOLOGY,Private,Karachi,"Main Ibrahim Hydri Road, Korangi Creek, Karachi.","+92-21-35120462, +92-21-350918",Email: info@biztek.edu.pk Fax:021-5092384 URL:http://www.biztek.edu.pk
47,INSTITUTE OF BUSINESS ADMINISTRATION,Public,Karachi,"Plot # 68 & 88 Garden / Kayani Shaheed Road, Karachi - 74400 Pakistan",92-21-38104700,Email: info@khi.iba.edu.pk Fax:92-21-99261508 URL:http://www.iba.edu.pk
48,INSTITUTE OF BUSINESS MANAGEMENT,Private,Karachi,"Korangi Creek, Karachi-75190, Pakistan.",(+92-21)3509-0961-67,Email: mec@iobm.edu.pk Fax:(+92-21)3509-0968 URL:http://www.iobm.edu.pk
49,INSTITUTE OF MANAGEMENT SCIENCES,Public,Peshawar,"I-A, Sector E-5, Phase-VII, Hayatabad, Peshawar.","091-9217408,091-9217443,091-9","Email: info@imsciences.edu.pk Fax:091-5861026,091-9217 URL:http://www.imsciences.edu.pk"
50,"INSTITUTE OF MANAGEMENT SCIENCES, Lahore",Private,Lahore,"23-E-III, Gulberg-III, 54660 Lahore, Pakistan","+92-42-35751115-8, +92-42-3575",Email: info@pakaims.edu.pk Fax: URL:http://www.pakaims.edu.pk
51,INSTITUTE OF SOUTHERN PUNJAB,Private,Multan,"9-KM, Bosan Road, Multan, Pakistan",+92-61-111-786-477,Email: info@isp.edu.pk Fax:+92-61-6522166 URL:http://isp.edu.pk/
52,INSTITUTE OF SPACE TECHNOLOGY,Public,Islamabad,"Institute of Space Technology , P.O. Box 2750 Islamabad 44000 , Pakistan","+92-51-9075100, +92-51-9273310",Email: info@ist.edu.pk Fax:+92-51-9273310 URL:http://www.ist.edu.pk/
53,INTERNATIONAL ISLAMIC UNIVERSITY,Public,Islamabad,"Sector H-10، Islamabad 44000, Pakistan","+92-51-9257988, +92-51-9019616",Email: khalidmraja@iiu.edu.pk Fax: URL:http://www.iiu.edu.pk/
54,IQRA NATIONAL UNIVERSITY,Private,Peshawar,"Phase-II, Hayatabad Peshawa",+92-91-5822 852091,Email: info@inu.edu.pk Fax:5822984 URL:http://www.inu.edu.pk
55,IQRA UNIVERSITY,Private,Karachi,"Defence View, Shaheed-e-Millat Road, (Ext), Karachi.","+92-21-35310802, +92-21-353108",Email: registrar@iqra.edu.pk Fax: URL:http://www.iqra.edu.pk
56,ISLAMIA COLLEGE UNIVERSITY,Public,Peshawar,"Jamrod Road, University Campus,Peshawar.",+92-91-9216009,Email: registrar@icp.edu.pk Fax:091-9222090 URL:http://www.icp.edu.pk
57,ISLAMIA UNIVERSITY,Public,Bahawalpur,The Islamia University of Bahawalpur Pakistan.,92 - 62 - 9250235,Email: info@iub.edu.pk Fax:92 - 62 - 9250335 URL:http://www.iub.edu.pk
58,ISRA UNIVERSITY,Private,Hyderabad,"Isra University, Hala Road, Hyderabad Sindh, Pakistan",(92 22) 2030181-4,Email: admissions@isra.edu.pk Fax:(92 22) 2030180 & 20 URL:http://www.isra.edu.pk
59,JINNAH SINDH MEDICAL UNIVERSITY,Public,Karachi,"Rafique H.J Shaheed Road, Karachi.","+92-21-99204776, +92-21- 35223",Email: admissions@jsmu.edu.pk Fax:99201372 URL:http://www.jsmu.edu.pk
60,JINNAH UNIVERSITY FOR WOMEN,Private,Karachi,"Jinnah University for Women, 5-C, Nazimabad, Karachi 74600.","+92-21-36611245, +92-21-366199",Email: info@juw.edu.pk Fax:(92-21) 6620614 URL:http://www.juw.edu.pk
61,KASB INSTITUTE OF TECHNOLOGY,Private,Karachi,"84-B, S.M.C.H.S, Off Shahrah-e-Faisal, Karachi-74400, Pakistan.",+92-21-343 14970-3,Email: info@kasbit.edu.pk Fax:4525525 URL:http://www.kasbit.edu.pk
62,KARACHI INSTITUTE OF ECONOMICS & TECHNOLOGY,Private,Karachi,"PAF-KIET Main Campus Korangi Creek, Karachi 75190",+92-21-35091114-7,Email: registrar@pafkiet.edu.pk Fax:(9221) 35091118 URL:http://www.pafkiet.edu.pk
63,KARACHI SCHOOL FOR BUSINESS & LEADERSHIP,Private,Karachi,"National Stadium Road Opp. Liaquat National Hospital,Karachi – 74800.","+92-21-721021, +92-21-38771999",Email: info@ksbl.edu.pk Fax:+92 (21) 38771999 URL:http://www.ksbl.edu.pk
64,KARAKURUM INTERNATIONAL UNIVERSITY,Public,Gilgit,"Karakoram International University, Main Campus University Road Gilgit (15100) Pakistan",+92-5811-960440,Email: info@kiu.edu.pk Fax:051-9266853 URL:http://www.kiu.edu.pk
65,KHAWAJA FREED UNIVERSITY OF ENGINEERING & INFORMATION TECHNOLOGY,Public,Rahim Yar Khan,"Abu Dhabi Road, Rahim Yar Khan","+92-68-9239121, +92-68-9239122",Email: info@kfueit.edu.pk Fax: URL:http://www.kfueit.edu.pk/
66,KHYBER MEDICAL UNIVERSITY,Public,Peshawar,PDA building Block-4 Phase-5 Hayatabad Peshawar,+92-91- 9217695,Email: info@kmu.edu.pk Fax:+92919217704 URL:http://www.kmu.edu.pk
67,KHYBER PAKHTUNKHWA AGRICULTURAL UNIVERSITY,Public,Peshawar,"KHYBER PAKHTUNKHWA AGRICULTURAL UNIVERSITY,University Campus, Peshawar","+92-91-9216518091, +92--921657",Email: riazadil@aup.edu.pk Fax:+ 92 91 9221262 URL:http://www.aup.edu.pk
68,KING EDWARD MEDICAL UNIVERSITY,Public,Lahore,"Nelagumbad near New Anarkali, Lahore.","+92-42-99211151, +92-42-373540",Email: info@kemu.edu.pk Fax: URL:http://www.kemu.edu.pk
69,KINNAIRD COLLEGE FOR WOMEN,Public,Lahore,"Kinnaird College for Women 93- Jail Road, Lahore",+92-42-99203781-4,Email: info@kinnaird.edu.pk Fax:+92 42 9920 3788 URL:http://www.kinnaird.edu.pk
70,KOHAT UNIVERSITY OF SCIENCE AND TECHNOLOGY,Public,Kohat,"Bannu Rd, Kohat 26000, Khyber Pakhtunkhwa.","+92-922-554578, +92-922-529147",Email: registrar@kust.edu.pk Fax: URL:http://www.kust.edu.pk
71,LAHORE COLLEGE FOR WOMEN UNIVERSITY,Public,Lahore,"Lahore College for Women University, Jail Road, Lahore.",+92-42-99203088,Email: registrar@lcwu.edu.pk Fax:+92-42-99203077 URL:http://www.lcwu.edu.pk
72,LAHORE GARRISON UNIVERSITY,Private,Lahore,"Main Campus, Sector C, DHA Phase-VI, Lahore.",+92-42-37181821-22,Email: info@lgu.edu.pk Fax:92 42 36603090 URL:http://lgu.edu.pk/
73,LAHORE LEADS UNIVERSITY,Private,Lahore,"5-Tipu Block, New Garden Town, Lahore.","+92-42-35846330, +92-423584320",Email: admission@leads.edu.pk Fax: URL:http://www.leads.edu.pk
74,LAHORE UNIVERSITY OF MANAGEMENT SCIENCES,Private,Lahore,"D.H.A, Lahore Cantt. 54792 Lahore, Pakistan.",+92 42 3560 8000,Email: mahjabeen.ahmad@lums.edu.pk Fax:+92 42 3572 5048 URL:http://www.lums.edu.pk
75,LIAQUAT UNIVERSITY OF MEDICAL & HEALTH SCIENCES,Public,Jamshoro,"Liaquat University of Medical & Health Sciences Jamshoro, Sindh - Pakistan","+92-22-9213305, +92-22-9213307",Email: registrar@lumhs.edu.pk Fax:+92 22 9213306 URL:http://www.lumhs.edu.pk
76,MEHRAN UNIVERSITY OF ENGINEERING & TECHNOLOGY,Public,Jamshoro,"Indus Highway, Jamshoro 76062, Pakistan.",+92 (22) 2772250-73,Email: registrar@admin.muet.edu.pk Fax:+92 (22) 2772281 URL:http://www.muet.edu.pk
77,MINHAJ UNIVERSITY,Private,Lahore,"Near Hamdard Chowk, Township, Lahore.","+92-42-351206800, +92-42-35145",Email: info@mul.edu.pk Fax:042-35116779 URL:http://www.mul.edu.pk
78,MIRPUR UNIVERSITY OF SCIENCE & TECHNOLOGY,Public,Mirpur,"Mirpur University of Science and Technology (MUST), Admin Block, Allama Iqbal Road, Sector B-3, Mirpur.",+92-5827-961034,Email: info@must.edu.pk Fax:+92-5827-961040 / 42 URL:http://www.must.edu.pk
79,MUHAMMAD ALI JINNAH UNIVERSITY,Private,Karachi,"22-E, Block-6, PECHS, Karachi 75400","+92-21-111-87-87-87, +92-21-34",Email: info@jinnah.edu Fax:+92-21-3431-1327 URL:http://www.jinnah.edu
80,MUHAMMAD NAWAZ SHAREEF UNIVERSITY OF AGRICULTURE,Public,Multan,"Old Shujaabad Road, Chungi No. 21, Sui Gas road, Multan",+92-61-9201680 +92-61-9201711,Email: info@mnsuam.edu.pk Fax:+92 (61) 920 1680 URL:http://www.mnsuam.edu.pk
81,MUHAMMAD NAWAZ SHARIF UNIVERSITY OF ENGINEERING & TECHNOLOGY,Public,Multan,"GCT, Old Bahwalpur Road, Multan.",+92-61-4482453,Email: info@mnsuet.edu.pk Fax: URL:http://www.mnsuet.edu.pk/
82,MUSLIM YOUTH UNIVERSITY,Private,Islamabad,"Muslim Youth University. PO Box 21177 G-10, subsector 4 (G-10/4) Islamabad","+92-51-8733217, +92-51-873321",Email: contact@myu.edu.pk Fax:(051) 8733219 URL:http://myu.edu.pk/
83,NED UNIVERSITY OF ENGINEERING & TECHNOLOGY,Public,Karachi,"NED University of Engineering & Technology University Road, Karachi - 75270, Pakistan","+92-21-99261253, +92-21-99261",Email: registrar@neduet.edu.pk Fax:(92-21) 99261255 URL:http://www.neduet.edu.pk
84,NFC INSTITUTE OF ENGINEERING & TECHNOLOGY,Public,Multan,"NFC Institute of Engineering and Technology, Opposite Pak Arab Fertilizers, Khanewal Road, Multan, Pakistan","+92-61-9220044, +92-61-9220012",Email: info@nfciet.edu.pk Fax:+ 92 61 9220018 URL:http://www.nfciet.edu.pk
85,NATIONAL COLLEGE OF ARTS,Public,Lahore,"4, Shahrah-E-Quaid-E-Azam, Lahore,Pakistan","+92 42 99210599, 99210601",Email: info@nca.edu.pk Fax:+92 42 99210500 URL:http://www.nca.edu.pk
86,NATIONAL COLLEGE OF BUSINESS ADMINISTRATION & ECONOMICS,Private,Lahore,"National College of Business Administration & Economics, 40-E1, Gulberg III, Lahore 54660, Pakistan","+92 (42) 3575-2716, 19",Email: admission@ncbae.edu.pk Fax:+92 (42) 3575-2547 URL:http://www.ncbae.edu.pk
87,NATIONAL DEFENSE UNIVERSITY,Public,Islamabad,"Sector E-9, Islamabad",051-9262066-68,Email: gso1trg@ndu.edu.pk Fax: URL:http://www.ndu.edu.pk/
88,NATIONAL TEXTILE UNIVERSITY,Public,Faisalabad,"National Textile University: Sheikhupura Road, Faisalabad 37610, Pakistan",92 (041) 9230081-90,Email: info@ntu.edu.pk Fax:92 (041) 9230098 URL:http://www.ntu.edu.pk
89,NATIONAL UNIVERSITY OF COMPUTER & EMERGING SCIENCES (FAST),Private,Islamabad,"A.K Brohi Road , Sector H-11/4, Islamabad.","+92-51-111 128 128, +92-51-831",Email: admissions@nu.edu.pk Fax: (051) 410 0619 URL:http://www.nu.edu.pk/
90,NATIONAL UNIVERSITY OF MEDICAL SCIENCES,Public,Rawalpindi,"National University of Medical Sciences, The Mall, Rawalpindi, Pakistan.",+92-51-9270677,Email: info@numspak.edu.pk Fax:+92-51-9270677 URL:http://numspak.edu.pk/
91,NATIONAL UNIVERSITY OF MODERN LANGUAGES (NUML),Public,Islamabad,"National University of Modern Languages H-9 Islamabad ,Pakistan.","+92-51-111-11-6878, +92-51-908",Email: info@numl.edu.pk Fax:+92-51-9258655 URL:http://www.numl.edu.pk/
92,NATIONAL UNIVERSITY OF SCIENCES & TECHNOLOGY,Public,Islamabad,"National University of Sciences and Technology. NUST Campus, H-12, Islamabad, Pakistan.",+92-51-111-11-6878,Email: hrm@nust.edu.pk Fax:051-90851332 URL:http://www.nust.edu.pk/
93,NAZEER HUSSAIN UNIVERSITY,Private,Karachi,"Address: ST-2 Block-4, Federal B Area Near Karimabad Karachi.",+92-21- 3636 2046-54,Email: info@nhu.edu.pk Fax:92 21 36362045 URL:http://www.nhu.edu.pk/
94,NEWPORT INSTITUTE OF COMMUNICATIONS & ECONOMICS,Private,Karachi,"40-L, PECHS Block-6, Karachi.","+9221-34541067, +9221-36671234",Email: info@newports.edu.pk Fax:+92-21-4541089 URL:http://www.newports.edu.pk
95,NORTHERN UNIVERSITY NOWSHERA,Private,Nowshera,"The Northern University (Main Campus), Wattar Walai Ziarat, Kaka Sahib Road Nowshera, KPK, PK","+92-923-613487, +92-923-613485",Email: info@northern.edu.pk Fax: URL:http://www.northern.edu.pk
96,NUR INTERNATIONAL UNIVERSITY,Private,Lahore,"11/I-B, Model Town, Lahore – Pakistan","+92-42-111555600, +92-42-37421",Email: info@niu.edu.pk Fax:042-37421993 URL:http://www.niu.edu.pk
97,PAKISTAN INSTITUTE OF DEVELOPMENT ECONOMICS (PIDE),Public,Islamabad,"Pakistan Institute of Development Economics (PIDE), Quaid-i-Azam University Campus, P.O. Box. 1091, Islamabad, 44000, Pakistan.",+92-51-9248074 +92-51-9248065,Email: registrar@pide.org.pk Fax:+92 51 9248065 URL:http://www.pide.org.pk/
98,PAKISTAN INSTITUTE OF ENGINEERING & APPLIED SCIENCES,Public,Islamabad,"Nilore, Islamabad, Pakistan.",+92 51 1111 74327,Email: registrar@pieas.edu.pk Fax:+92 51 924 8600 URL:http://www.pieas.edu.pk/
99,PAKISTAN INSTITUTE OF FASHION & DESIGN,Public,Lahore,"51-JIII Joher Town. Lahore , P.O.Box 542782 Pakistan",042-99232951-7,Email: info@pifd.edu.pk Fax:042-99232966 URL:http://www.pifd.edu.pk
100,PEOPLES UNIVERSITY OF MEDICAL & HEALTH SCIENCES FOR WOMEN,Public,Nawabshah,"Peoples University of Medical & Health Sciences for Women, Nawabshah 67480 (SBA).",+92-244-9370260,Email: registrar@pumhs.edu.pk Fax:+92-244-9370261 URL:http://www.pumhs.edu.pk
101,PIR MEHR ALI SHAH ARID AGRICULTURE UNIVERSITY,Public,Rawalpindi,"PMAS-Arid Agriculture University Rawalpindi, Shamsabad, Muree Road Rawalpindi - Pakistan.",+92-51-9292104,Email: registrar@uaar.edu.pk Fax:+92-051-9290459 URL:http://www.uaar.edu.pk
102,PRESTON UNIVERSITY,Private,Kohat,"Sector 10 Street 3 KDA Kohat, Kohat, Pakistan, Islamabad Campus: Plot No 85, Street 3, Sector H-8/1,Islamabad.",+92-51-8491300,Email: kohat@preston.edu.pk Fax: URL:http://www.preston.edu.pk
103,PRESTON UNIVERSITY,Private,Karachi,"Main Campus:15, Banglore Town, Shahrah-e-Faisal,Karachi.",+92-21-34398727,Email: karachi@preston.edu.pk Fax:021-34525881 URL:http://www.preston.edu.pk
104,QARSHI UNIVERSITY,Private,Lahore,"Qarshi University 8-Km Thokar Niaz baig, Canal Bank Road, Opposite lzmir Town, Lahore- Pakistan. 54000","+92-42-37576946,+92-42-3742976",Email: info@qu.edu.pk Fax: URL:http://www.qu.edu.pk
105,"QUAID-E-AWAM UNIVERSITY OF ENGINEERING, SCIENCES & TECHNOLOGY",Public,Nawabshah,"Quaid-e-Awam University Sakrand Road, Nawabshah, Sindh, Pakistan",0244-9370381-5,"Email: registrar@quest.edu.pk Fax:92-244-9370367, 9370 URL:http://www.quest.edu.pk"
106,QUAID-I-AZAM UNIVERSITY,Public,Islamabad,"Quaid-i-Azam University Islamabad, 45320, Pakistan.",+92-051-9064 0000,Email: info@qau.edu.pk Fax:+92-51-90644110 URL:https://www.qau.edu.pk/
107,QURTABA UNIVERSITY OF SCIENCE & INFORMATION TECHNOLOGY,Private,Dera Ismail Khan,"Sheikh Yusuf Road, Dera Ismail Khan,",+92 (966) - 714007/8,Email: dik@qurtuba.edu.pk Fax:+92 (966) - 730047 URL:http://www.qurtuba.edu.pk
108,RIPHAH INTERNATIONAL UNIVERSITY,Private,Islamabad,"Sector I-14, Hajj Complex, Islamabad.",+92 (51) 844 6000-7,Email: admissions@riphah.edu.pk Fax:+92 (51) 831 3141 URL:https://www.riphah.edu.pk/
109,SARDAR BAHADUR KHAN WOMEN UNIVERSITY,Public,Quetta,"SBK Women's University, Brewery Road Quetta, Balochistan,Pakistan",+92(081) 9213303,Email: vc@sbkwu.edu.pk Fax:+92(081)9213308 URL:http://www.sbkwu.edu.pk
110,SARHAD UNIVERSITY OF SCIENCE & INFORMATION TECHNOLOGY,Private,Peshawar,"Sarhad University Landi Akhun Ahmad, Hayatabad Link. Ring Road, Peshawar, Pakistan",+92-91-5230931,Email: registrar@suit.edu.pk Fax: URL:http://www.suit.edu.pk
111,SHAH ABDUL LATIF UNIVERSITY,Public,Khairpur,"Old National Highway, Khairpur Mir's, 66020 Sindh, Pakistan",+92-243-9280061-62,Email: info@salu.edu.pk Fax:92-243-9280-060 URL:http://www.salu.edu.pk
112,SHAHEED BENAZIR BHUTTO CITY UNIVERSITY,Private,Karachi,"Plot F-201 1st floor & 2nd Floor, Near Site Philips Chowrangi, Labour Square, Site Police Station, Binoria Restaurant, Karachi.","+92-21-34242136, +92-21-342420",Email: info@sbbcu.edu.pk Fax: URL:http://www.sbbcu.edu.pk
113,SHAHEED BENAZIR BHUTTO DEWAN UNIVERSITY,Private,Karachi,"Plot # 30-A/1, Sector 23, Korangi Industrial Area, Karachi, 74900-Pakistan.","+92)- (021)-35115008-10, (021)",Email: info@sbbdewanuniversity.edu.pk Fax:+92)-(021)-35115017 URL:http://www.sbbdewanuniversity.edu.pk/
114,SHAHEED BENAZIR BHUTTO UNIVERSITY OF VETERINARY & ANIMAL SCIENCES,Public,Nawabshah,"Main Nawabshah road, Sakrand, District Shaheed Benazirabad",+92-244-322150,Email: info@sbbuvas.edu.pk Fax:0244 322151 URL:http://www.sbbuvas.edu.pk
115,"SHAHEED BENAZIR BHUTTO UNIVERSITY, SHAHEED BENAZIRABAD",Public,Nawabshah,"SHAHEED BENAZIR BHUTTO UNIVERSITY, SHAHEED BENAZIRABAD, Pakistan 67450","+92-244-9370520, +92-244-93705",Email: info@sbbusba.edu.pk Fax:+92-244-9370521 URL:http://www.sbbusba.edu.pk/
116,SHAHEED BENAZIR BHUTTO WOMEN UNIVERSITY,Public,Peshawar,"Shaheed Benazir Bhutto Women University, Opposite Fort Balahisar near LRH, Peshawar Pakistan.","+92-91-9212422, +92-91-922 477",Email: info@sbbwu.edu.pk Fax:+92-91-9224707 URL:http://www.sbbwu.edu.pk
117,SHAHEED MOHTARMA BENAZIR BHUTTO MEDICAL UNIVERSITY,Public,Larkana,"Shaheed Mohtarma Benazir Bhutto Medical University Larkana, Sindh, Pakistan","+92-74-9410724, +92-74-9410908","Email: registrar@smbbmu.edu.pk Fax:+92-74-9410910, +92- URL:http://www.smbbmu.edu.pk"
118,SHAHEED ZULFIKAR ALI BHUTTO INSTITUTE OF SCIENCE & TECHNOLOGY,Private,Karachi,"SZABIST 90 and 100 Clifton, Karachi 75600, Pakistan",(92-21) 111-922-478,Email: info@szabist.edu.pk Fax: (92-21) 35830446 URL:http://www.szabist.edu.pk
119,SHAHEED ZULFIQAR ALI BHUTTO MEDICAL UNIVERSITY,Public,Islamabad,"Shaheed Zulfiqar Ali Bhutto Medical University (SZABMU), PIMS, G-8/3, Islamabad, 44000",(92) (51) (9107) 687,Email: info@szabmu.edu.pk Fax:(92) (51) (9107) 687 URL:http://www.szabmu.edu.pk/
120,SHAHEED ZULFIQAR ALI BHUTTO UNIVERSITY OF LAW,Public,Karachi,"Chaudry Khaliq-uz-Zaman Road, Near Lilly Bridge, Clifton, Karachi.",+92-21-99206452-53,Email: info@szabul.edu.pk Fax:021-99206425 URL:http://www.szabul.edu.pk
121,SHIFA TAMEER-E-MILLAT UNIVERSITY,Private,Islamabad,"Shifa Tameer-e-Millat University Pitras Bukhari Road, H-8/4 Islamabad 44000 Pakistan","+92-51-8464214, +92-51-8464215",Email: info@stmu.edu.pk Fax:+92-51-486-3264 URL:http://www.stmu.edu.pk/
122,UNIVERSITY OF TECHNOLOGY (SHUHADA-E-ARMY PUBLIC SCHOOL),Public,Nowshera,"Ex-Adamjee Paper and Board Mills, Amangarh, Nowshera. 24100",0923-560301,Email: samibangash@uotnowshera.edu.pk Fax: URL:http://uotnowshera.edu.pk/
123,SINDH AGRICULTURE UNIVERSITY,Public,Hyderabad,"Sindh Agriculture Univeristy, Tandojam Hyderabad, Sindh Pakistan Postal Code: 70060",+ 92-22-2765870,Email: info@sau.edu.pk Fax:92-22-2765300 URL:http://www.sau.edu.pk
124,SINDH INSTITUTE OF MANAGEMENT & TECHNOLOGY,Private,Karachi,"ST-25, BLOCK 14, GULISTAN-E-JOHAR, KARACHI",021 111-746-746,Email: info@simt.edu.pk Fax: URL:http://www.simat.edu.pk
125,SINDH INSTITUTE OF MEDICAL SCIENCES,Private,Karachi,"Civil Hospital Karachi 74200, Pakistan",(92-21) 99215752 & 99215718,"Email: info@siut.org Fax: (92-21) 99215469 , URL:http://www.siut.org"
126,SINDH MADRESATUL ISLAM UNIVERSITY,Public,Karachi,"Aiwan-e-Tijarat Road, Karachi-74000, Pakistan.","+92-21-99211274, +92-21-992112",Email: info@smiu.edu.pk Fax:+92 21 99217504 URL:http://www.smiu.edu.pk
127,SIR SYED UNIVERSITY OF ENGINEERING & TECHNOLOGY,Private,Karachi,"Main University Road, Karachi 75300, Pakistan",+92 21 3498-8000,Email: info@ssuet.edu.pk Fax:+92 21 3498238 URL:http://www.ssuet.edu.pk
128,SUKKUR INSTITUTE OF BUSINESS ADMINISTRATION,Public,Sukkur,"Main Campus, Airport Road, Sukkur",071-5644000-05,Email: shoukat.abbasi@iba-suk.edu.pk Fax:92-71-5804419 URL:http://www.iba-suk.edu.pk
129,TEXTILE INSTITUTE OF PAKISTAN,Private,Karachi,"203, Aamir Trade Centre Plot No. 233/1-A, Block 2, PECHS, Shara-e-Quaideen, Karachi. Pakistan.",(92-21) 34549734 / 34549870,Email: info@tip.edu.pk Fax:(92-21) 34533525 URL:http://tip.edu.pk/
130,THE SUPERIOR COLLEGE,Private,Lahore,"Main Raiwind Road, Lahore","042-111-00-00-78 , 042-3810-42",Email: info@superior.edu.pk Fax: URL:http://www.superior.edu.pk
131,THE UNIVERSITY OF FAISALABAD,Private,Faisalabad,"Sargodha Road, University Town, Faisalabad",+92 041-8868326-30,Email: info@tuf.edu.pk Fax:+92 041 8868220 URL:http://www.tuf.edu.pk
132,THE WOMEN UNIVERSITY,Public,Multan,"The Women University Multan Address: Kutchery Campus, L.M.Q. Road, Multan",061-9200811,Email: info@wum.edu.pk Fax:061-4500950 URL:http://www.wum.edu.pk
133,UNIVERSITY OF AGRICULTURE,Public,Faisalabad,"University of Agriculture University Main Rd، Faisalabad, Pakistan.",+92 41 9200161-70,Email: contact_us@uaf.edu.pk Fax: +92 41 9200764 URL:http://www.uaf.edu.pk
134,UNIVERSITY OF AZAD JAMMU & KASHMIR,Public,Muzaffarabad,"University of Azad Jammu & Kashmir, Administration Block, Challa Campus Muzaffarabad, Azad Kashmir",+92-5822-960466-470,Email: info@ajku.edu.pk Fax: URL:http://www.ajku.edu.pk
135,UNIVERSITY OF BALOCHISTAN,Public,Quetta,"University of Balochistan, Sariab Road Quetta.",+92-81-9211124,Email: registrar@um.uob.edu.pk Fax:081-9211-277 URL:http://www.uob.edu.pk
136,UNIVERSITY OF CENTRAL PUNJAB,Private,Lahore,"Khayaban-e-Jinnah Road, Johar Town, Lahore.","+92-42-35954890, +92-42-358800",Email: info@ucp.edu.pk Fax:+92-42-35954892 URL:http://www.ucp.edu.pk
137,UNIVERSITY OF EDUCATION,Public,Lahore,"College Road, Township, Lahore.",+92-42-99262223-4,Email: registrar@ue.edu.pk Fax: URL:http://www.ue.edu.pk
138,UNIVERSITY OF ENGINEERING & TECHNOLOGY,Public,Peshawar,"University of Engineering & Technology, Peshawar, Pakistan",(+92-91)9216796-8,Email: registrar@uetpeshawar.edu.pk Fax:(+92-91) 9216663 URL:http://www.uetpeshawar.edu.pk
139,UNIVERSITY OF ENGINEERING & TECHNOLOGY,Public,Lahore,"UNIVERSITY OF ENGINEERING & TECHNOLOGY, G.T. Rd, Lahore 54890, Pakistan","+92-42-99250201, +92-42-990292",Email: registrar@uet.edu.pk Fax: URL:http://www.uet.edu.pk
140,UNIVERSITY OF ENGINEERING & TECHNOLOGY,Public,Taxila,University of Engg. & Technology (UET) Taxila.,+92 51-9047-400,Email: nfo@uettaxila.edu.pk Fax:+92 51-9047-420 URL:http://www.uettaxila.edu.pk
141,UNIVERSITY OF FATA,Public,Kohat,"Govt Degree College Darra Adam Khel Akhurwal F.R Kohat N-55, Pakistan.","+92-91-9218182, +92-91-9216427",Email: info@fu.edu.pk Fax: URL:http://www.fu.edu.pk/
142,UNIVERSITY OF GUJRAT,Public,Gujrat,"University of Gujrat Hafiz Hayat Campus Jalalpur Road Gujrat, Pakistan.",+92 (53) 3643112,Email: info@uog.edu.pk Fax: URL:http://www.uog.edu.pk
143,UNIVERSITY OF HEALTH SCIENCES,Public,Lahore,"University of Health Sciences, Khayaban-e-Jamia Punjab, Lahore-54600","+92-42-99231304-09, +92-42-111",Email: info@uhs.edu.pk Fax:042-9230870 URL:http://www.uhs.edu.pk
144,UNIVERSITY OF KARACHI,Public,Karachi,"University of Karachi Main University Road Karachi - 75270 Sindh, Pakistan",92.21.99261300-07,Email: info@uok.edu.pk Fax:92.21.99261330 URL:http://www.uok.edu.pk
145,UNIVERSITY OF LAHORE,Private,Lahore,"UNIVERSITY OF LAHORE,1-K.M, Raiwind Road, Lahore.",+92 42 111-865-865,Email: info@uol.edu.pk Fax: URL:http://www.uol.edu.pk
146,UNIVERSITY OF MANAGEMENT & TECHNOLOGY,Private,Lahore,"University of Management and Technology , C-II Johar Town Lahore",+92 42 35212801-10,Email: admissions@umt.edu.pk Fax:+92 42 35184789 URL:http://www.umt.edu.pk
147,UNIVERSITY OF PESHAWAR,Public,Peshawar,"Old Jamrud Road, Peshawar.",+92-91-9216701,Email: registrar@uop.edu.pk Fax:+92-91-9216736 URL:http://www.uop.edu.pk/
148,UNIVERSITY OF SARGODHA,Public,Sargodha,"University of Sargodha, University Road Sargodha 40100 Punjab,Pakistan",+92-48-9230811-15,Email: info@uos.edu.pk Fax: URL:http://www.uos.edu.pk
149,UNIVERSITY OF SCIENCE & TECHNOLOGY,Public,Bunnu,"University of Science & Technology, Bannu, Khyber Pakhtunkhawa (KPK), (Pakistan)",+92-928-633817-18,Email: registrar@ustb.edu.pk Fax:+92-928-633821 URL:http://www.ustb.edu.pk
150,UNIVERSITY OF SINDH,Public,Jamshoro,"Allama I.I.Kazi Campus, University of Sindh, Jamshoro-76080, Sindh, Pakistan.",+92-22-9213-181-90,Email: info@usindh.edu.pk Fax:+92-22-9213-246 URL:http://www.usindh.edu.pk
151,UNIVERSITY OF SOUTH ASIA,Private,Lahore,"47-Tufail Road, Lahore Cantt.","+92-42-36672943, +92-42-366 50","Email: help@usa.edu.pk Fax: URL:+92-42-36672943, +92-42-366 50983"
152,UNIVERSITY OF SWABI,Public,Swabi,"University of Swabi, Khyber Pakhtunkhwa",+92-938-490238,Email: adminofficer@uoswabi.edu.pk Fax:0938490238 URL:http://www.uoswabi.edu.pk
153,UNIVERSITY OF SWAT,Public,Swat,"G.T Road, Odigram, Swat, Khyber Pakhtunkhwa.",+92-946-924 00060946,Email: registrar@uswat.edu.pk Fax: URL:http://www.uswat.edu.pk/
154,UNIVERSITY OF VETERINARY & ANIMAL SCIENCES,Public,Lahore,"University of Veterinary and Animal Sciences - UVAS Syed Abdul Qadir Jillani (Out Fall) Road, Lahore - Pakistan","92-42-99211374, 99211449",Email: helpline@uvas.edu.pk Fax:92-42-9211461 URL:http://www.uvas.edu.pk
155,UNIVERSITY OF WAH,Private,Wah Cantt,"Quaid Avenue, The Mall. Wah Cantt.","051-9157000, 051-451425256-7",Email: info@uow.edu.pk Fax:051-9314311 URL:http://www.uow.edu.pk/
156,UNIVERSITY OF THE PUNJAB,Public,Lahore,"P.O. Box No. 54590. Lahore, Pakistan.","+92-42-99231098-9, +92-42-3584",Email: registrar@pu.edu.pk Fax:92-55-9201223 URL:http://www.pu.edu.pk
157,VIRTUAL UNIVERSITY OF PAKISTAN,Public,Lahore,"M.A. Jinnah Campus, Defence Road, Off Raiwind Road, Lahore, Pakistan.",+92-42-99203901,Email: registrar@vu.edu.pk Fax:+92-42-99200604 URL:http://www.vu.edu.pk/
158,WOMEN UNIVERSITY MARDAN,Public,Mardan,http://www.wumardan.edu.pk,(0937) 871 416,Email: pstovc@wumardan.edu.pk Fax: URL:http://www.wumardan.edu.pk
159,"WOMEN UNIVERSITY, SWABI",Public,Swabi,"WOMEN UNIVERSITY, SWABI",+92 0938-224222,Email: info@wus.edu.pk Fax: URL:http://www.wus.edu.pk/
160,ZIA-UD-DIN UNIVERSITY,Private,Karachi,"4/B, Shahra-e-Ghalib, Block 6, Clifton, Karachi 75600.",(9221) 35862937-9,Email: info@zu.edu.pk Fax:(9221) 35862940 URL:ZIA-UD-DIN UNIVERSITY
161,LAHORE SCHOOL OF ECONOMICS,Private,Lahore,"Intersection Main Boulevard Phase VI DHA, Burki 53200, Lahore.",+ 92 42 36560675,Email: qaisar@lahoreschool.edu.pk Fax:+ 92 42 36560905 URL:http://www.lahoreschoolofeconomics.edu.pk
162,"LASBELA UNIVERSITY OF AGRICULTURE, WATER & MARINE SCIENCES",Public,Lasbela,"Lasbela University of Agriculture, Water and Marine Sciences, Uthal, District Lasbela",0853-610846,Email: pvc@luawms.edu.pk Fax:0853-610294 URL:http://www.luawms.edu.pk/
163,UNIVERSITY OF TURBAT,Public,Jazan,"Overseas Colony, Airport Road, Turbat Balochistan.",+92-85-414498,Email: registrar@uot.edu.pk Fax:http://www.uot.edu.p URL:http://www.uot.edu.pk
164,Aga Khan University,Private,Karachi,"First Floor, Juma Building The Aga Khan University P.O. Box 3500, Stadium Road, Karachi 74800, Pakistan",+92 21 3493 0051,"Email: mc.ea@aku.edu Fax:+92 21 3493 4294, 34 URL:https://www.aku.edu/"
165,Al-Khair University (Banned by HEC),Private,Muzzaffarabad,"University Road, Bhimber (AJK)",05828-454085,Email: info@alkhair.edu.pk Fax: URL:http://alkhair.edu.pk
166,Barret Hodgson University,Private,Karachi,"The Salim Habib Campus, NC-24, Deh Dih, Korangi Creek, Karachi",92 21 35122931-35,Email: info@bhu.edu.pk Fax: URL:http://www.bhu.edu.pk/
167,Fatima Jinnah Women University,Public,Rawalpindi,"The Mall, Old Presidency, Rawalpindi","+92-51-9292901,+92-51-9292902",Email: bhs@fjwu.edu.pk Fax:+92 (0)51 9292903 URL:http://www.fjwu.edu.pk
168,Gambat Institute of Medical Sciences,Public,Khairpur,"Gambat Institute of Medical Sciences, Gambat Station Road, Pakistan.",92-243-640160,Email: mailus@gims.edu.pk Fax: URL:http://www.gims.edu.pk/
169,"Global Institute, Lahore [HEC-NOC SUSPENDED]",Private,Lahore,"3-Aurangzeb Block, New Garden Town, Lahore.",+92-42-35857924-6,Email: info@global.edu.pk Fax:+92-42-5717447 URL:http://global.edu.pk/
170,Imperial College of Business Studies,Private,Lahore,"Canal Bank Road Near Bahria Chowk, Lahore",+92-42-35978525-32,Email: admissions@imperial.edu.pk Fax: URL:http://imperial.edu.pk/
171,Mohi-ud-Din Islamic University,Private,Muzzaffarabad,"Mohi-ud-Din Islamic University, Nerian Sharif AJ&K.",05825-450282-3,Email: info@miu.edu.pk Fax:+92-5827-468777 URL:http://miu.edu.pk/
172,Pakistan Military Academy,Public,Abbottabad,"Kakul Road, Abbottabad Pakistan",92 (0)992 - 363643,Email: missing@pma.edu.pk Fax: URL:http://www.pma.edu.pk
173,PAKISTAN NAVAL ACADEMY,Public,Karachi,"Pakistan Naval Academy Karachi, Pakistan",0347 1891949,Email: email@paknavy.gov.pk Fax: URL:http://www.paknavy.gov.pk
174,"Preston Institute of Management, Science & Technology (Banned for admissions w.e.f 10-06-2017)",Private,Karachi,"177/2, IEP Building, Karachi, Pakistan",0921-32789888-90,Email: admissions@pimsat-khi.edu.pk Fax: URL:https://pimsat-khi.edu.pk
175,"Shuhada-e-Army Public School University of Technology, Nowshera",Public,Nowshera,"Ex-Adamjee Paper and Board Mills, Amangarh, Nowshera.",0923-560301,Email: missing@uotnowshera.edu.pk Fax: URL:http://uotnowshera.edu.pk/
176,University of Kotli Azad Jammu and Kashmir,Public,Muzzaffarabad,"Kotli, Azad Kashmir,",+92-5826-960042,Email: vice.chancellor@uokajk.edu.pk Fax:(+92) 5826 960049 URL:http://www.uokajk.edu.pk
177,"University of Baltistan, Skardu",Public,Skardu,"University of Baltistan, Skardu",05815-960070,Email: info@kiu.edu.pk Fax:05815-960256 URL:https://www.kiu.edu.pk/page/skardu-campus
178,University of Loralai,Public,Lasbela,"College Road, Loralai at Loralai Zhob Division, Balochistan.",(0824) 410782,Email: info@uoli.edu.pk Fax: URL:http://www.uoli.edu.pk/
179,University of Malakand,Public,Mardan,"Chakdara, Dir, Lower, Malakand Khyber Pakhtunkhwa",0945-763023 Ext 3011,Email: missinginfo@uom.edu.pk Fax:0945-761624 URL:http://www.uom.edu.pk
180,University of Poonch,Public,Rawalakot,"B-65, Housing Scheme, Rawalakot (Azad Kashmir)",+92 5824-960053,Email: registrar@upr.edu.pk Fax:92 5824-960054 URL:http://www.upr.edu.pk/
181,Women University of Azad Jammu & Kashmir,Public,Mirpur (AK),"Women University of Azad Jammu & Kashmir, Bagh",058-23-960044,Email: info@wuajk.edu.pk Fax: URL:http://www.wuajk.edu.pk/
182,Shaheed Benazir Bhutto University,Public,Amilcar,"Sheringal, Upper Dir, Khyber Pakhtunkhwa",+92-944-885529,Email: registrar@sbbu.edu.pk Fax:+92-944-885805 URL:http://www.sbbu.edu.pk
183,Khushal Khan Khattak University,Public,testcity,"Opposite Tableghi markaz, Karak.","+92-927- 291018, 291026",Email: vc@kkkuk.edu.pk Fax: +92-927-291035 URL:http://www.kkkuk.edu.pk/
184,"Benazir Bhutto Shaheed University of Technology & Skill Development, Khairpur Mirs",Public,Khairpur,Station Road Near Mil Colony Khairpur MiRS Khairpur Khairpur Mirs,0243-9280168,Email: missingemail@bbsut.edu.pk Fax:missing URL:https://www.underprocess.pk/
185,Bacha Khan University,Public,testcity,"Bacha Khan University, Palosa, Charsadda.",091-6540116,Email: webmaster@bkuc.edu.pk Fax: URL:http://www.bkuc.edu.pk/
186,National University of Technology (NUTECH),Public,Islamabad,"National University of Technology (NUTECH), IJP Road, Sector I-12, Islamabad.",+92-51-5476768,Email: info@nutech.edu.pk Fax: URL:https://nutech.edu.pk/
187,ShifaTameer-E-Millat University,Private,Islamabad,"Shifa Tameer-e-Millat University Pitras Bukhari Road, H-8/4 Islamabad",+92-51-8464214,Email: info@stmu.edu.pk Fax: URL:https://stmu.edu.pk/
188,"Cholistan University of Veterinary and Animal Sciences, Bahawalpur",Public,Bahawalpur,"Cholistan University of Veterinary & Animal Sciences, Near DHA, Bahawalpur, Punjab-Pakistan",+92-062- 9255716,Email: registrar@cuvas.edu.pk Fax: URL:http://www.cuvas.edu.pk
189,"Faisalabad Medical University, Faisalabad",Public,Faisalabad,"Sargodha Road, Faisalabad-Punjab Pakistan",+92-41-9210080,Email: vcfmuf@gmail.com Fax: URL:http://www.pmc.edu.pk/
190,Institute for Art and Culture,Private,Lahore,"Mian Riwand Road, Lahore Pakistan",+92-42-32590040-7,Email: info@iac.edu.pk Fax: URL:https://iac.edu.pk/
191,Nishtar Medical University Multan,Public,Multan,"Nishtar Medical University (NMU), Nishtar Road, Gillani Colony, Multan Punjab, Pakistan",+92-61-9200231-35,Email: nishtarmed@gmail.com Fax: URL:http://www.nmch.edu.pk
192,"Punjab Tianjin University of Technology, Lahore",Public,Lahore,"Punjab Tianjin University of Technology (PTUT), Near Green Town Police station, Township, Lahore, Pakistan",+92-42-9933 2438,Email: info@ptut.edu.pk Fax: URL:http://ptut.edu.pk/
193,"Emaan Institute of Management & Sciences, Karachi",Private,Karachi,"E-136, Abul Hassan Asphani Road, Block-07 Gulshan-e-Iqbal, Karachi, 74200, Pakistan",+92-21-34999200-2,Email: info@emaan.edu.pk Fax: URL:http://www.emaan.edu.pk
194,"GOVERNMENT COLLEGE UNIVERSITY, HYDERABAD",Public,Hyderabad,"Opposite Pinyari Police Station, Kali Mori, Hyderabad Sindh, Pakistan",+92-22-2111877,Email: info@gcuh.edu.pk Fax: URL:http://www.gcuh.edu.pk
195,ILMA University,Private,Karachi,"Main Ibrahim Hydri Road, Korangi Creek, Karachi.",+92-21-35120462,Email: info@ilmauniversity.edu.pk Fax: URL:http://www.ibt.edu.pk
196,Sohail University,Private,Karachi,"Sohail University, 22-23 Shaheed-e-Millat Road, Karachi-Sindh",+92-21-34931886-9,Email: baqarnawab@hotmail.com Fax: URL:http://www.sohailuniversity.edu.pk
197,Abottabad University of Science And Technology (AUST),Public,Abbottabad,"Captain Akaash Rabbani Shaheed Road, Tehsil Havelian, District Abbottabad, Khyber Pakhtunkhwa",+92-992-402117,Email: info@aust.edu.pk Fax: URL:http://aust.edu.pk
198,"The University of Agriculture, Peshawar",Public,Peshawar,"The University of Agriculture, Peshawar Pakistan",+92-91-9221263,Email: registrar@aup.edu.pk Fax:+92-91-9221262 URL:http://www.aup.edu.pk/
199,"University of Engineering & Technology (UET), Mardan",Public,Mardan,"University of Engineering & Technology (UET), Mardan",+92-937-9230295,Email: registrar@uetmardan.edu.pk Fax: URL:http://www.uetmardan.edu.pk
200,University of Science & Technology,Public,Bunnu,"Main Campus Township, Bannu.",+92-928-633823,Email: registrar@ustb.edu.pk Fax: URL:https://www.ustb.edu.pk/
201,Brains Institute Peshawar,Private,Peshawar,"Phase III Chowk, Jamrud Road, Peshawar",+92-91-5611637,Email: info@brains.edu.pk Fax: URL:http://brains.edu.pk
202,"The Bolan University of Medical and Health Sciences, Quetta",Public,Quetta,"The Bolan University of Medical & Health Sciences. Brewery Road,Quetta Balochistan, Pakistan",+92-81-9213070,Email: registrar@bumhs.edu.pk Fax: URL:http://www.bumhs.edu.pk/
203,"University of Sufism and Modern Sciences, Bhitshah Sindh",Public,Bhit Shah,Mian Campus; Bhit Shah,+92-22-2762415,Email: dep.registrar@usms.edu.pk Fax: URL:http://usms.edu.pk/
204,Shaheed Benazir Bhutto University,Public,Upper Dir,"Sheringal, Upper Dir, Khyber Pakhtunkhwa",+92-944-885527,Email: registrar@sbbu.edu.pk Fax:+92-944 - 885805 URL:https://sbbu.edu.pk/
205,The University of Lakki Marwat,Public,Lakki Marwat,"The University of Lakki Marwat GPGC (Boys), District Lakki Marwat Khyber Pakhtunkhwa",+92-969-511819,Email: ulm_2017@outlook.com Fax: URL:http://www.ulm.edu.pk
206,University of Buner,Public,Buner,"University of Buner Sowari, Buner, Khyber Pakhtunkhwa",+92-939-555211,Email: registrar@ubuner.edu.pk Fax: URL:https://www.ubuner.edu.pk/
207,University of Chitral,Public,Chitral,"University of Chitral Seen, Lasht Chitral, Khyber Pakhtunkhwa",+92-943-412401,Email: registrar@uoch.edu.pk Fax: URL:http://www.uoch.edu.pk
208,University of Haripur,Public,Haripur,"Hattar Road, Near Swat Chowk, Tehsil & District Haripur.",+92-995-615393,Email: registrar@uoh.edu.pk Fax: URL:http://www.uoh.edu.pk/
209,"Pak-Austria Fachhochschule Institute of Applied Sciences and Technology, Haripur",Public,Haripur,"Mang, Haripur-Khyber Pakhtunkhwa Pakistan",+92-995-645112-18,Email: info@paf-iast.edu.pk Fax: URL:https://www.paf-iast.edu.pk/
